"Lenovo ThinkBook - Notebook - 15.6""",1131,Intel Core i5 I5-1235U-512 GB SSD-Windows 11 Pro-Spanish-1-year warranty,Computadores,Lenovo,21DJ00P3GJ,Portátiles,https://cdn.kemik.gt/2023/04/21DJ00P3GJ-HP-1200x1200-01.-500x500.jpg,https://sri.com.pa/media/catalog/product/cache/797737ebabff440ab44742a5e504f052/2/1/21dj00p3gj.png,https://cdn.kemik.gt/2023/04/21DJ00P3GJ-HP-1200x1200-02.-500x500.jpg
"Lenovo ThinkBook - Notebook - 15.6""",1031,Intel Core i5 I5-1135G7-512 GB SSD-Windows 11 Pro-Spanish-1-year warranty,Computadores,Lenovo,20VE01BGGJ,Portátiles,https://sri.com.pa/media/catalog/product/cache/e43b4e4ae6108a43b4793d7655600ad6/2/0/20ve01bggj.png,https://store.intcomex.com/images/products/Dell%20Inspiron%2015%203515-2001.jpg,https://cdn.cs.1worldsync.com/3d/97/3d970e75-5383-490c-b7ea-00a456ed5ff8.jpg
"Lenovo ThinkBook 14 - Notebook - 14""",867,Intel Core i5 I5-1135G7-8 GB-256 GB SSD-Windows 11 Pro-Spanish,Computadores,Lenovo,20VD01BKGJ,Portátiles,https://elsalvadortecnologia.com/wp-content/uploads/2023/01/Laptop-Lenovo-ThinkBook-14-14-Pulgadas-Intel-Core-i5-1135G7-8-GB-RAM-256-GB-SSD-Win-11-Pro-20VD01BKGJ.jpg,https://tiendalenovo.com.gt/media/catalog/product/cache/2b88132ea045bae0fc2b44a4f558f9b1/t/h/thinkbook_14_g2_itl_ct1_04.jpg,https://sri.com.pa/media/catalog/product/cache/797737ebabff440ab44742a5e504f052/2/0/20vd01bkgj.png
"HP 14-fq1004la - Notebook - 14""",584,AMD Ryzen 3 5300U-8 GB-512 GB SSD-UMA-Windows 11 Home-Spanish-1-year warranty,Computadores,HP,69A13LA#ABM,Portátiles,https://elsalvadortecnologia.com/wp-content/uploads/2022/12/Laptop-HP-14-fq1004la-14-Pulgadas-AMD-Ryzen-3-5300U-8-GB-RAM-512-GB-SSD-Win-11-Home-69A13LAABM.jpg,https://sri.com.pa/media/catalog/product/cache/797737ebabff440ab44742a5e504f052/6/9/69a13laabm.jpg,http://cdn.shopify.com/s/files/1/0674/1334/4549/products/829a0d45-2f69-4a4b-a3f4-08db191453e0.png?v=1681885780
"HP ProBook 440 G8 - Notebook - 14""",1234,Intel Core i7 I7-1165G7-16 GB-1 TB SSD-Windows 10 Pro-1-year warranty-563P6LS,Computadores,HP,563P6LS,Portátiles,https://cdn.kemik.gt/2022/12/563P6LS-HP-1200x1200-1.-700x700.-500x500.jpg,https://elsalvadortecnologia.com/wp-content/uploads/2023/01/Laptop-HP-ProBook-440-G8-14-Pulgadas-Intel-Core-i7-1165G7-16-GB-RAM-1TB-SSD-Win10-Pro-563P6LS.jpg,https://cdn.kemik.gt/2022/12/563P6LS-HP-1200x1200-2.-700x700.-500x500.jpg
HP ProBook 440 G8 - Notebook - Intel Core i5 1135G7,792,512 GB SSD-1-year warranty,Computadores,HP,637N4LT#ABM,Portátiles,https://www.wuapy.cl/imagen/get/61395,https://www.omnitec.cl/media/catalog/product/cache/3/small_image/200x/9df78eab33525d08d6e5fb8d27136e95/1/5/1506090356942-35998370_2813046247_2.jpg,https://bip.cl/assets/fotos/30400/1..webp
"HP Pavilion 15-ef2502la - Notebook - 15.6"" OLED",649,AMD Ryzen 3 5300U-8 GB DDR4 SDRAM-256 GB SSD-Windows 11 Home-1-year warranty,Computadores,HP,612B1LA#ABM,Portátiles,http://computadorasdecostarica.com/web/image/product.template/160/image_1024?unique=7b3f1f7,https://store.intcomex.com/images/products/M1921.jpg,http://cdn.shopify.com/s/files/1/0674/1334/4549/products/ea8992b5-0d3c-4754-af76-08db191453e0.png?v=1681912238
"Acer A3 - Notebook - 15""",611,AMD Ryzen 5 3500U-256 GB SSD-Windows 11 Home-Silver-Spanish-1-year warranty,Computadores,Acer,NX.HVUAL.01F,Portátiles,https://www.provesersa.com/wp-content/uploads/2023/04/Portatil-Acer-Aspire-3-Silver-Procesador-Ryzen-5-3500U-8GB-RAM-DDR4-256GB-SSD-2-1.png,https://cdn.shopify.com/s/files/1/1161/3498/products/acer_7_large.jpg?v=1667239568,https://www.laptoparena.net/images/Acer_Aspire_A315-23-R0FU_NX.HVUAL.01F_image_1.jpg
"Acer A3 - Notebook - 15""",596,Intel Core i5 I5-1135G7-256 GB SSD-Windows 11 Home-Silver-Spanish-1-year warranty,Computadores,Acer,NX.ADDAL.02J,Portátiles,https://trescom.com.gt/wp-content/uploads/Portatil-Acer-Aspire-3-Intel-Core-i5-1135G7-8GB-de-RAM-DDR4-256GB-SSD-NVMe-Pantalla-de-15.6%E2%80%B3-y-Wi-1.png,https://cdn.shopify.com/s/files/1/1161/3498/products/21-1_1_4f087999-7a17-48e9-a57a-5bd9b77c5857_large.jpg?v=1678222356,https://elsalvadortecnologia.com/wp-content/uploads/2023/03/Laptop-Acer-A3-15-Pulgadas-Intel-Core-i5-1135G7-8-GB-RAM-256-GB-SSD-Win-11-Home-NX.ADDAL_.02J.jpg
"Lenovo - Notebook - 14""",1729,Intel Core i5 I5-1235U-512 GB SSD-Windows 11 Pro-Spanish-1-year warranty-DG W10 Pro,Computadores,Lenovo,21AJS2CG00,Portátiles,https://tukomer.com/wp-content/uploads/1970/01/21AJS2CG00.jpg,https://www.mallasonova.com/web/image/product.template/73473/image_512/%5BINT14459%5D%20Laptop%20Lenovo%20ThinkPad%20T14%2014%22%20Intel%20Core%20i5%20Gen%204%2016GB%20512GB%2021AJS2CG00?unique=d5d9256,https://tukomer.com/wp-content/uploads/1970/01/21AJS2CG00-500x500.jpg
"Lenovo Legion 5 Pro 16ACH - Notebook - 16""",1665,AMD Ryzen 5 5600H-512 GB SSD-NVIDIA GeForce RTX 3060-Windows 11 Home-Gray-1-year warranty,Computadores,Lenovo,82JQ00SQGJ,Portátiles,https://sri.com.pa/media/catalog/product/cache/797737ebabff440ab44742a5e504f052/8/2/82jq00sqgj.jpg,https://www.laptopbattery.com.my/lenovo-batteries/pic_big_Zoom/L20C4PC1-1.jpg,https://trescom.com.gt/wp-content/uploads/Portatil-Lenovo-Legion-5-Pro-16ACH-AMD-Ryzen-5-5600H-16GB-RAM-DDR4-512GB-SSD-NVMe-1.png
"HP 15-dw3500la - Notebook - 15.6""",523,Intel Core i3 1115G4-8 GB-256 GB SSD-Intel UHD Graphics-Microsoft Windows-Red-1-year warranty,Computadores,HP,699C3LA#ABM,Portátiles,https://hpstorecr.com/wp-content/uploads/sites/3/2023/02/28748-2.webp,https://sri.com.pa/media/catalog/product/cache/797737ebabff440ab44742a5e504f052/6/9/699c3laabm.jpg,https://hpstorecr.com/wp-content/uploads/sites/3/2023/02/28748-3.webp
"Acer A3 - Notebook - 15""",590,Intel Core i5 I5-1135G7-512 GB SSD-Windows 11 Home-Silver-Spanish-1-year warranty,Computadores,Acer,NX.ADDAL.020,Portátiles,https://images.pcel.com/1600/Computadoras-Laptops-Acer-NX-ADDAL-020-457478-DRqW1lPGLw7rN2J8.jpg,https://cdn.shopify.com/s/files/1/1161/3498/products/22-3_1_cafaf109-143e-44de-b909-d9523c7fa896_large.jpg?v=1678222376,https://trescom.com.gt/wp-content/uploads/Portatil-Acer-Aspire-3-Intel-Core-i5-1135G7-8GB-RAM-DDR4-512-GB-SSD-NVMe-Pantalla-de-15%E2%80%B3-.png
"Lenovo ThinkBook - Notebook - 14""",1016,Intel Core i5 I5-1235U-512 GB SSD-Windows 11 Pro-Spanish-1-year warranty-DG W10Pro,Computadores,Lenovo,21DH00HCGJ,Portátiles,http://cdn.shopify.com/s/files/1/0674/1334/4549/products/76d4180a-7848-4ad6-b016-08db191453e0.png?v=1683042413,https://tiendaenlinea.intersoftla.com/web/image/product.image/18483/image_1024/Lenovo%20ThinkBook%20-%20Notebook%20-%2014%22%20-%20Intel%20Core%20i5%20I5-1235U%20-8%20GB%20RAM%20512%20GB%20SSD%20-%20Windows%2011%20Pro%20-%20Spanish%20-%201-year%20warranty%20-%20DG%20W10Pro?unique=4a83a0b,https://store.intcomex.com/images/products/NT055LEN19%20m.jpg
"Lenovo - Notebook - 13.3""",1211,Intel Core i7 I7-1165G7-512 GB SSD-Windows 10 Pro-Spanish-1-year warranty,Computadores,Lenovo,20V900B0GJ,Portátiles,https://content.etilize.com/thumbnail/1069700437.jpg,https://inquirecontent1.ingrammicro.com/Top/300/1069700437.jpg,https://en.uaebattery.ae/lenovo-en/pic_big_Zoom/L19M4PDD-1.jpg
"HP 14-dq2509la - Notebook - 14""",475,Intel Core i3 I3-1115G4-4 GB-128 GB SSD-UMA-Windows 11 Home-Blue-Spanish-1-year warranty,Computadores,HP,6J8Y8LA#ABM,Portátiles,https://solant.com.gt/wp-content/uploads/2023/01/6J8Y8LA-ABM-LAPTOP-HP-1200X1200-1.-500x500-1.jpg,x-raw-image:///75272718d744d80a73b468020e9b4bd9e81e25629fe67303c1c285bdb6f6804b,https://cdn.kemik.gt/2023/01/6J8Y8LA-ABM-LAPTOP-HP-1200X1200-2.-500x500.jpg
"HP HP 15-ef2526la - Notebook - 15.6""",997,AMD Ryzen 7 5700U-512 GB SSD-AMD Radeon Integrated Graphics-Windows 11 Home-1-year warranty-+Stinger Headset,Computadores,HP,7C073LA#ABM,Portátiles,https://sri.com.pa/media/catalog/product/cache/797737ebabff440ab44742a5e504f052/7/c/7c073laabm.jpg,https://trescom.com.gt/wp-content/uploads/Portatil-HP-15-ef2526la-AMD-Ryzen-7-5700U-8GB-RAM-DDR4-512GB-SSD-NVMe-Pantalla-de-15.6%E2%80%B3-1.png,https://abasty.com/sites/default/files/styles/product_1500x1500/public/2023-03/7C073LA-HP-1200x1200-1.-700x700.jpg?itok=z97eVK48
"HP Victus 15-fb0103la - Notebook - 15.6""",1268,AMD Ryzen 5 5600H-512 GB SSD-NVIDIA GeForce RTX 3050-Windows 10 Home-1-year warranty-+MousePad+Mouse,Computadores,HP,7C072LA#ABM,Portátiles,http://cdn.shopify.com/s/files/1/0674/1334/4549/products/7f98035a-5a48-428a-aefa-08db191453e0.png?v=1681911855,https://abasty.com/sites/default/files/styles/product_1500x1500/public/2023-03/7C072LA-HP-1200x1200-3.-700x700.jpg?itok=2WYnW666,https://www.informaticenter.com/web/image/product.template/4268/image_1024?unique=2efb158
"HP Victus 15-fb0100la - Notebook - 15.6""",929,AMD Ryzen 5 5600H-8 GB-256 GB SSD-GTX 1650 4GB-Microsoft Windows-1-year warranty,Computadores,HP,6F7G5LA#ABM,Portátiles,http://cdn.shopify.com/s/files/1/0269/8130/2405/products/LAPTOP-GAMER-HP-VICTUS-15-FB0100LA-RYZEN-5-5TH-GEN-RAM-8GB-256GB-M_2-SSD.jpg?v=1672562163,https://back.panafoto.com/media/catalog/product/cache/22adb41f3f66ba957b3b3b7b0df44fe6/1/4/149329.jpg,https://www.zonadigitalsv.com/product/196548844883/image
"Dell Latitude 3420 - Notebook - 14""",1008,Intel Core i5 I5-1135G7-256 GB SSD-Intel UHD Graphics-Windows 10 Pro-Spanish-1-year warranty,Computadores,Dell,J66FJ,Portátiles,https://images.pcel.com/mp/Computadoras-Laptops-DELL-J66FJ-453192-RyqdRkUUwPcyaaYK.jpg,https://solant.com.gt/wp-content/uploads/2023/01/Portatil-Dell-Latitude-3420-Core-i5-1135G7-8GB-RAM-DDR4-256GB-SSD-M.2-Pantalla-de-14%E2%80%B3-1.png,https://www.grupocva.com/detalle_articulo/10339918.jpg
"Lenovo IP 5 15ALC - Notebook - 15.6""",1023,AMD Ryzen 7 5700U-512 GB SSD-Intel UHD Graphics-Windows 11 Home-Blue-1-year warranty,Computadores,Lenovo,82LN00HLGJ,Portátiles,https://en.uaebattery.ae/lenovo-en/pic_big_Zoom/l19c3pf5-3cell-3.jpg,https://tiendaintelmax.net/product/LAP0421/image,https://en.uaebattery.ae/lenovo-en/pic_big_Zoom/l19c3pf5-3cell-2.jpg
"HP 15-dy5008la - Notebook - 15.6""",862,Intel Core i7 i7-1255U-8 GB-256 GB SSD-Windows 11 Home-Silver-1-year warranty,Computadores,HP,6J0W8LA#ABM,Portátiles,https://hpstorecr.com/wp-content/uploads/sites/3/2023/02/c06593011-1.webp,https://back.panafoto.com/media/catalog/product/cache/22adb41f3f66ba957b3b3b7b0df44fe6/1/4/149225.jpg,https://store.intcomex.com/images/products/M2076.jpg
"Lenovo - Notebook - 15.6""",1229,Intel Core i5 I5-1235U-512 GB SSD-Windows 11 Pro-Spanish-1-year warranty-DG W10P,Computadores,Lenovo,21E7S0GF00,Portátiles,x-raw-image:///435ebca064d055223b2f42a438bcbd1214200d4fc07b8157272dac4cc85d1d67,https://sri.com.pa/media/catalog/product/cache/797737ebabff440ab44742a5e504f052/2/1/21e7s0gf00.png,x-raw-image:///f4aa2636f78fb551acd71c27dd0907e83b1821fd4dd067c7cbb2ff82c666c248
"Lenovo ThinkPad E14 - Notebook - 14""",1455,Intel Core i7 I7-1255U-512 GB SSD-Windows 11 Pro-Spanish-Downgrade W10,Computadores,Lenovo,21E4S0AB00,Portátiles,https://cdn.kemik.gt/2023/05/21E4S0AB00-LENOVO-1200x1200-01.-500x500.jpg,https://www.zonatek.cr/web/image/product.image/117120/image_1024/Laptop%20Lenovo%20ThinkPad%20E14%2014%22%20Core%20I7%20Gen%204%2016GB%20512GB%2021E4S0AB00?unique=d106e4f,https://cdn.kemik.gt/2023/05/21E4S0AB00-LENOVO-1200x1200-02.-500x500.jpg
"HP ProBook 445 G9 - Notebook - 14""",1040,AMD Ryzen 5 5625U-512 GB SSD-Windows 10 Pro,Computadores,HP,76Q19LT#ABM,Portátiles,https://cdn.shopify.com/s/files/1/1161/3498/products/7-1_1_afc25908-29ff-4bb9-b428-7c17bb5c2671_large.jpg?v=1678444498,https://cdn.panacompu.com/cdn-img/pv/hp-probook-445-g9-isometric-left-view.jpg?width=1200&height=630&FixedWidthHeight=true,https://cdn.shopify.com/s/files/1/1161/3498/products/7-2_1_c9910427-e0a5-45e8-bbc4-0ba932b51e19_large.jpg?v=1678808655
Dell Latitude 3420 - Intel Core i7 1165G7 / 2.8 GHz - Win 10 Pro 64 bits (incluye Licencia de Win 11 Pro),1287,"Intel Iris Xe Graphics-8 GB RAM-256 GB SSD NVMe Class 35-14"" TN 1366 x 768 (HD)-Wi-Fi 6-negro-BTS-con 1 Year Hardware Service with Onsite",Computadores,Dell,4M4Y9,Portátiles,https://sri.com.pa/media/catalog/product/cache/797737ebabff440ab44742a5e504f052/4/m/4m4y9.jpg,https://www.multicopy.com.gt/web/image/product.product/29558/image_1024/%5B4M4Y9%5D%20Laptop%20Dell%20Latitude%203420%20-%20Notebook%2014%22%20-%20Intel%20Core%20i7%20I7-1165G7%20-%20256%20GB%20SSD%20-%20Intel%20UHD%20Graphics%20-%20Windows%2010%20Pro%20-%20Espa%C3%B1ol%20-%20Garant%C3%ADa%20de%201%20a%C3%B1o?unique=6f703cc,https://s3-hc-files-prod.s3.amazonaws.com/wp-content/uploads/2023/01/4M4Y9-3-1.jpg
"HP ProBook 440G9 - Notebook - 14""",1189,Intel Core i5 I5-1235U-512 GB SSD-Windows 10 Pro,Computadores,HP,76Q23LT#ABM,Portátiles,https://tukomer.com/wp-content/uploads/2023/04/76Q23LTABM-3.webp,https://cdn.shopify.com/s/files/1/1161/3498/products/5-1_1_73c72d69-431f-4584-8126-e2733549461b_large.jpg?v=1673295219,https://store.intcomex.com/images/products/62C14LA-200.jpg
"Lenovo - Notebook - 15.6""",1448,Intel Core i7 Ci7-1255u-512 GB SSD-Windows 11 Pro-Spanish-1-year warranty-DG W10 Pro,Computadores,Lenovo,21E7S0GG00,Portátiles,https://sri.com.pa/media/catalog/product/cache/797737ebabff440ab44742a5e504f052/2/1/21e7s0gg00.png,https://inquirecontent1.ingrammicro.com/images/500/1076677249.jpg,https://cdn.kemik.gt/2023/04/21E7S0GG00-1200x1200-01.-500x500.jpg
"HP ProBook 440 G9 - Notebook - 14""",1394,Intel Core i7 1255U-512 GB SSD-Windows 11 Pro,Computadores,HP,76Q29LT#ABM,Portátiles,https://cdn.shopify.com/s/files/1/1161/3498/products/5-1_1_73c72d69-431f-4584-8126-e2733549461b_large.jpg?v=1673295219,https://cdn.pacifiko.com/image/cache/catalog/p/Mjk5ZDM3M2_1-484x484.png,http://cdn.shopify.com/s/files/1/1161/3498/products/5-3_1_17a1862b-3b3c-45ce-b7e6-d0f6cc9cbcc5_grande.jpg?v=1673295220
Dell Latitude 5530 - Intel Core i5 1235U / 1.3 GHz - Win 10 Pro 64 bits (incluye Licencia de Win 11 Pro),1361,"Intel Iris Xe Graphics-8 GB RAM-256 GB SSD NVMe Class 35-15.6"" 1920 x 1080 (Full HD)-802.11a/b/g/n/ac/ax (Wi-Fi 6E)-gris-BTS-con 3 años de Hardware Service with Onsite",Computadores,Dell,8MGKV,Portátiles,https://cfn-catalog-prod.tradeling.com/up/5e807313b716c7001b262f59/816fd291b40adc3a65a924ea939bb2e4.png,https://cdn.shopify.com/s/files/1/1161/3498/products/tecnologi_85_large.jpg?v=1668012168,https://oasify.com/63836-large_default/laptop-dell-latitude-5530-8mgkv-intel-core-i5-1235u-8gb-256gb-ssd-windows-10-pro.jpg
"Lenovo ThinkBook - Notebook - 15.6""",1301,Intel Core i7 I7-1255U-512 GB SSD-Windows 11 Pro-Spanish-1-year warranty,Computadores,Lenovo,21DJ00P1GJ,Portátiles,https://sri.com.pa/media/catalog/product/cache/797737ebabff440ab44742a5e504f052/2/1/21dj00p1gj-13.png,https://elsalvadortecnologia.com/wp-content/uploads/2023/05/Laptop-Lenovo-ThinkBook-15-G4-IAP-15.6-Pulgadas-I7-1255U-8-GB-RAM-512-GB-SSD-Win-11-Pro-21DJ00P1GJ.jpg,https://sri.com.pa/media/catalog/product/cache/797737ebabff440ab44742a5e504f052/2/1/21dj00p1gj.png
"HP 15-dy2503la - Notebook - 15.6""",801,Intel Core i5 1135G7-8 GB-512 GB SSD-Intel Iris Xe Graphics-Microsoft Windows-Silver-1-year warranty,Computadores,HP,6D996LA#ABM,Portátiles,https://www.panafoto.com/media/catalog/product/cache/22adb41f3f66ba957b3b3b7b0df44fe6/1/4/148981.jpg,https://d30itml3t0pwpf.cloudfront.net/api/v3/medias/16205860/image/opt/original/1673624674-fd231e21,https://sri.com.pa/media/catalog/product/cache/797737ebabff440ab44742a5e504f052/6/d/6d996laabm.png
"Lenovo ThinkBook - Notebook - 14""",1263,Intel Core i7 I7-1255U-512 GB SSD-Windows 11 Pro-Spanish-1-year warranty-DG W10Pro,Computadores,Lenovo,21DH00FNGJ,Portátiles,https://sri.com.pa/media/catalog/product/cache/797737ebabff440ab44742a5e504f052/2/1/21dh00fngj.png,https://cdn.kemik.gt/2023/02/21DH00FNGJ-LAPTOP-LENOVO-1200X1200-4.-700x700.jpg,https://solant.com.gt/wp-content/uploads/2023/01/21DH00FNGJ-LAPTOP-LENOVO-1200X1200-1.-700x700-1.jpg
"HP ProBook 450 G9 Notebook - Notebook - 15.6""",1199,Intel Core i5 I5-1235U-512 GB SSD-Windows 11 Pro-1-year warranty,Computadores,HP,6C5Y1LT#ABM,Portátiles,https://imagenes.deltron.com.pe/images/productos/on-line/items/large/nb/hp/nbhp6c5y1lt_3.jpg,https://store.intcomex.com/images/products/NT015HPR12%20M.png,https://imagenes.deltron.com.pe/images/productos/on-line/items/large/nb/hp/nbhp6c5y1lt.jpg
"HP ProBook 450 G9 - Notebook - 15.6""",1371,Intel Core i7 1255U-512 GB SSD-Windows 11 Pro,Computadores,HP,76Q26LT#ABM,Portátiles,https://nemvoshop.com/wp-content/uploads/2023/01/pbg93_large.webp,https://trescom.com.gt/wp-content/uploads/Portatil-HP-ProBook-450-G9-Core-i7-1255U-16GB-RAM-DDR4-512GB-SSD-M.2-Pantalla-de-15.6%E2%80%B3-1.png,https://store.intcomex.com/images/products/NT022HPQ04%20m.jpg
Dell Latitude 3520 - Intel Core i5 1135G7 / 2.4 GHz - Win 10 Pro 64 bits (incluye Licencia de Win 11 Pro),1066,"Intel Iris Xe Graphics-8 GB RAM-256 GB SSD NVMe Class 35-15.6"" 1920 x 1080 (Full HD)-Wi-Fi 6-negro-kbd: español-BTS-con 1 Year Hardware Service with Onsite",Computadores,Dell,WV34V,Portátiles,https://www.laserprintsoluciones.com/wp-content/uploads/2023/03/WV34V.png,https://imagenes.deltron.com.pe/images/productos/on-line/items/large/nb/de/nbdellwv34v_2.jpg,https://cdn.panacompu.com/cdn-img/pv/dell-latitude-3520-front-laptop-view.jpg?width=400&height=400&FixedWidthHeight=true
Lenovo Legion 5 Pro 16ACH6H 82JQ - Diseño de bisagra en 180 grados - AMD Ryzen 7 5800H / 3.2 GHz,2234,"Win 11 Home-GF RTX 3070 -16 GB RAM-512 GB SSD NVMe-16"" IPS 2560 x 1600 (WQXGA) @ 165 Hz-Wi-Fi 6-negro (abajo) gris tormenta (parte superior)-kbd: español (Latinoamérica)",Computadores,Lenovo,82JQ009XGJ,Portátiles,https://en.uaebattery.ae/lenovo-en/pic_big_Zoom/L20C4PC1-3.jpg,https://cdn.panacompu.com/cdn-img/pv/lenovo-laptop-gaming-legion-5-pro-16in-amd-gallery.jpg?width=780&height=780&FixedWidthHeight=false,https://en.uaebattery.ae/lenovo-en/pic_big_Zoom/L20C4PC1-2.jpg
"HP 15-ef1508la - Notebook - 15.6""",536,AMD Ryzen 3 3250U-256 GB SSD-Windows 11 Home-Spanish,Computadores,HP,767U6LA#ABM,Portátiles,https://cdn.shopify.com/s/files/1/1161/3498/products/28-7_1_0d4f97eb-de1b-4c5f-8fbb-d55f9028b227_large.jpg?v=1676321357,https://sri.com.pa/media/catalog/product/cache/797737ebabff440ab44742a5e504f052/7/6/767u6laabm.png,https://cdn.shopify.com/s/files/1/1161/3498/products/28-6_1_1d136eed-019a-420f-b8f1-58250f210e06_large.jpg?v=1676321357
"Lenovo Legion 5 Pro 16ACH - Notebook - 16""",1801,AMD Ryzen 5 5600H-512 GB SSD-NVIDIA GeForce RTX 3060-Windows 11 Home-Gray-1-year warranty,Computadores,Lenovo,82JQ00SQGJ,Portátiles,https://sri.com.pa/media/catalog/product/cache/797737ebabff440ab44742a5e504f052/8/2/82jq00sqgj.jpg,https://www.laptopbattery.com.my/lenovo-batteries/pic_big_Zoom/L20C4PC1-1.jpg,https://trescom.com.gt/wp-content/uploads/Portatil-Lenovo-Legion-5-Pro-16ACH-AMD-Ryzen-5-5600H-16GB-RAM-DDR4-512GB-SSD-NVMe-1.png
"Lenovo IP 5 15ALC - Notebook - 15.6""",1023,AMD Ryzen 7 5700U-512 GB SSD-Intel UHD Graphics-Windows 11 Home-Blue-1-year warranty,Computadores,Lenovo,82LN00HLGJ,Portátiles,https://en.uaebattery.ae/lenovo-en/pic_big_Zoom/l19c3pf5-3cell-3.jpg,https://tiendaintelmax.net/product/LAP0421/image,https://en.uaebattery.ae/lenovo-en/pic_big_Zoom/l19c3pf5-3cell-2.jpg
"Lenovo ThinkPad E14 - Notebook - 14""",1455,Intel Core i7 I7-1255U-512 GB SSD-Windows 11 Pro-Spanish-Downgrade W10,Computadores,Lenovo,21E4S0AB00,Portátiles,https://cdn.kemik.gt/2023/05/21E4S0AB00-LENOVO-1200x1200-01.-500x500.jpg,https://www.zonatek.cr/web/image/product.image/117120/image_1024/Laptop%20Lenovo%20ThinkPad%20E14%2014%22%20Core%20I7%20Gen%204%2016GB%20512GB%2021E4S0AB00?unique=d106e4f,https://cdn.kemik.gt/2023/05/21E4S0AB00-LENOVO-1200x1200-02.-500x500.jpg
