nombre,precio,imagen1,imagen2
EA PLAY PC,2.19,https://media.contentapi.ea.com/content/dam/eacom/images/2020/06/ea-featured-image-ea-play.jpg.adapt.crop191x100.1200w.jpg,https://cdn.vox-cdn.com/thumbor/6iT0HoymqImJNVhRw17wdDGJIR4=/0x0:940x529/1400x1400/filters:focal(470x265:471x266)/cdn.vox-cdn.com/uploads/chorus_asset/file/22377297/EA_Play_PC_v04.jpeg
Xbox Game Pass PC,2.28,https://news.xbox.com/en-us/wp-content/uploads/sites/2/GamePassPCHERO-hero.jpg,https://i.ytimg.com/vi/ps2P8SpDnl0/maxresdefault.jpg
Injustice 2,2.32,https://image.api.playstation.com/vulcan/img/cfn/11307E5KevhsRf1A5fO5J5E6EyFwwYnr6PfrU-17MkMzM7lQz-m0j3Ozngwgx2dRUSpQNOHegfxi7c8dz9nl2DtRdkwDstMw.png,https://m.media-amazon.com/images/I/91Ir06sBd4L._AC_UF1000
Steam Gift Card,0.66,https://media.gamestop.com/i/gamestop/10116382?$pdp$,https://m.media-amazon.com/images/I/815jDkv65fL.jpg
PC Building Simulator,2.34,https://cdn1.epicgames.com/offer/8f5f5eff22f3468fa5551771406fc868/EGS_PCBuildingSimulator_TheIrregularCorporation_S1_2560x1440-053592d64b04adff6734a480dcead96d,https://i.ytimg.com/vi/suxYHwm3Wus/maxresdefault.jpg
Destiny 2,0,https://cdn1.epicgames.com/offer/428115def4ca4deea9d69c99c5a5a99e/FR_Bungie_Destiny2_S2_1200x1600_1200x1600-c04030c570b63cdced320be0f88a9f89,https://upload.wikimedia.org/wikipedia/en/0/05/Destiny_2_%28artwork%29.jpg
Maid of Sker,0.79,https://upload.wikimedia.org/wikipedia/en/a/ac/Maid_of_Sker_cover.jpg,https://i.ytimg.com/vi/yiC7Z7Ih27I/maxresdefault.jpg
Lost Ark,3.1,https://images.ctfassets.net/umhrp0op95v1/VvjFjkl41oG52Nf71hZbr/e39168a3549882dd41f8b23187aa576c/LA_Y2_KA_Share_1200x630.jpg,https://www.nme.com/wp-content/uploads/2022/02/Lost-Ark-2@2000x1270.jpg
Windows 10 Pro,0.4,https://img-prod-cms-rt-microsoft-com.akamaized.net/cms/api/am/imageFileData/RE4aNZd?ver=a4e3&q=90&m=8&h=431&w=767&b=%23FFFFFFFF&l=f&x=584&y=26&s=933&d=524&aim=true,https://www.microsoft.com/en-us/CMSImages/1920_Panel1_5050_Compare_old.jpg?version=8a8bed12-1100-2f73-83e4-659bf200df60
FIFA 23 Points PS4,0.99,https://image.api.playstation.com/vulcan/ap/rnd/202209/2315/kg8JhExDZ0lCTWia5V53L9Il.png,https://www.allkeyshop.com/blog/wp-content/uploads/FIFA23PointsPS4.jpg
Battlenet Gift Card,4.31,https://pisces.bbystatic.com/image2/BestBuy_US/images/products/5823/5823010_sd.jpg,https://seagm-media.seagmcdn.com/item_480/331.png
System Shock,1.99,https://i.ytimg.com/vi/OS1kDHPzt00/maxresdefault.jpg,https://www.gameinformer.com/sites/default/files/styles/full/public/2023/01/03/2ca07314/system_shock_remake.jpg
Xbox Gift Card,1.9,https://m.media-amazon.com/images/I/61NNElXRdGL._AC_UF1000,1000_QL80_.jpg
Mortal Kombat 11,4.57,https://cdn.cdkeys.com/700x700/media/catalog/product/h/e/header_10_12_.jpg,https://upload.wikimedia.org/wikipedia/en/7/7e/Mortal_Kombat_11_cover_art.png
Pathfinder Wrath of the Righteous,4.66,https://assets-prd.ignimgs.com/2021/09/29/pathfinder-wrathoftherighteous-blogroll-1632945487351.jpg,https://media.mmorpg.com/images/heroes/posts/123428.jpg
Skul The Hero Slayer,5.42,https://i.ytimg.com/vi/jqk8JL76fXI/maxresdefault.jpg,https://cdn.akamai.steamstatic.com/steam/apps/1147560/capsule_616x353.jpg?t=1681190012
Netflix Gift Cards,3.98,https://m.media-amazon.com/images/I/61Kemgmur8L.jpg,https://i.ytimg.com/vi/cKHdtzMH6gY/maxresdefault.jpg
The Ascent,3.3,https://news.xbox.com/en-us/wp-content/uploads/sites/2/2020/05/TheAscent_HERO.jpg,https://assets1.ignimgs.com/2020/05/08/the-ascent---button-901-1588981670702.jpg
The Elder Scrolls Online Morrowind,4.95,https://esosslfiles-a.akamaihd.net/ape/uploads/2022/04/5c11314c590d8759f6b3b22191670265.jpg,https://i.ytimg.com/vi/s5xst39v8wE/maxresdefault.jpg
The Elder Scrolls Online,4.79,https://cdn.akamai.steamstatic.com/steam/apps/306130/capsule_616x353.jpg?t=1684958334,https://i0.wp.com/news.xbox.com/en-us/wp-content/uploads/sites/2/2023/03/ESO-ScribesOfFateDLC_VideoThumb_1920x1080-EN-01-5d9acfc57027dfa63293.jpg?fit=1920%2C1080&ssl=1
Xbox Game Pass Ultimate,3.89,https://news.xbox.com/en-us/wp-content/uploads/sites/2/2020/03/XGP_Ultimate_Perks_Hero_02_JPG.jpg,https://assets.xboxservices.com/assets/61/81/61812df4-5d10-4369-b31c-257debcc98de.jpg?n=Isometric_Ultimate.jpg
Microsoft Office Home & Student 2019,3.79,https://msofficestore.us/wp-content/uploads/2021/03/Office-Home-Student.jpg,https://m.media-amazon.com/images/I/71+kA7okp6L.jpg
OlliOlli World,1.3,https://cdn.vox-cdn.com/thumbor/QtEgwtafPDdBdQpq0bqYxrfANpk=/1400x1400/filters:format(jpeg)/cdn.vox-cdn.com/uploads/chorus_asset/file/23213977/olliolli_world_3.jpg,https://s.yimg.com/uu/api/res/1.2/Kp_Dpw3qVb3E2Xqa97v_LA--~B/Zmk9ZmlsbDtoPTEzODk7dz0yNDcwO2FwcGlkPXl0YWNoeW9u/https://media-mbst-pub-ue1.s3.amazonaws.com/creatr-uploaded-images/2022-01/920846d0-762b-11ec-9faf-98c7f7758bc6.cf.jpg
Human Fall Flat,2.93,https://assets.nintendo.com/image/upload/c_fill,w_1200/q_auto:best/f_auto/dpr_2.0/ncom/software/switch/70010000001204/0a2154757c19b2e2f4d80d8c11f3d5ae8fe803e6a1be70ccc3d64847275f33bf
Don't Starve,3.26,https://upload.wikimedia.org/wikipedia/en/d/d2/Don%27t_Starve_cover.jpg,https://assets.nintendo.com/image/upload/c_fill
Google Play Gift Cards,0.35,https://m.media-amazon.com/images/I/61OdJeN2lFL.jpg,https://target.scene7.com/is/image/Target/GUEST_333ba345-c3ea-4a2d-8e93-3b0b4116626e?wid=488&hei=488&fmt=pjpeg
SpongeBob SquarePants Battle for Bikini Bottom Rehydrated,3.66,https://assets.nintendo.com/image/upload/c_fill,w_1200/q_auto:best/f_auto/dpr_2.0/ncom/en_US/games/switch/s/spongebob-squarepants-battle-for-bikini-bottom-rehydrated-switch/hero
Overcooked 2,3.72,https://assets.nintendo.com/image/upload/c_fill,w_1200/q_auto:best/f_auto/dpr_2.0/ncom/software/switch/70010000003402/057249cf707a2a733c876c0eb453bb018ee6ea09f3aea5c350f4d76f70840d00
Potion Craft Alchemist Simulator,4.15,https://assets.nintendo.com/image/upload/c_fill,w_1200/q_auto:best/f_auto/dpr_2.0/ncom/en_US/games/switch/p/potion-craft-alchemist-simulator-switch/hero
Terraria,3.05,https://cdn.akamai.steamstatic.com/steam/apps/105600/header.jpg?t=1666290860,https://assets.nintendo.com/image/upload/c_fill
Eset Nod32 Global License,3.17,https://www.eset.com/fileadmin/ESET/INT/OG_images/og-nod32-antivirus.jpg,https://www.allkeyshop.com/blog/wp-content/uploads/EsetNod32GlobalLicense.webp
Rocket League,0,https://cdn1.epicgames.com/offer/9773aa1aa54f4f7b80e44bef04986cea/EGS_RocketLeague_PsyonixLLC_S3_2560x1440-1434001758900f513cab0c885121744a,https://upload.wikimedia.org/wikipedia/commons/thumb/e/e0/Rocket_League_coverart.jpg/640px-Rocket_League_coverart.jpg
Sims 4,0,https://upload.wikimedia.org/wikipedia/en/7/7f/Sims4_Rebrand.png,https://cdn2.unrealengine.com/egs-thesims4-electronicarts-g1a-00-1920x1080-acc697b40374.jpg
AVG TuneUp,1.59,https://i.pcmag.com/imagery/reviews/015V5ahA2ReEP10YWdqfg78-9..v1624816858.png,https://static2.avg.com/10003053/web/i/uis/pc-tuneup-ui-dashboard-partially-optimized-speed-up-604x350.png
Elite Dangerous,4.28,https://d3tidaycr45ky4.cloudfront.net/media/catalog/product/cache/1/image/9df78eab33525d08d6e5fb8d27136e95/e/d/ed_base_game_refresh_frontier_store_assets_product_square_image_1080x1080.png,https://cdn.akamai.steamstatic.com/steam/apps/1336350/capsule_616x353.jpg?t=1622803584
Phantom Breaker Omnia,4.99,https://assets.nintendo.com/image/upload/c_fill,w_1200/q_auto:best/f_auto/dpr_2.0/ncom/software/switch/70010000027540/b2aaa09a207a10ee6427ea57aa029af24c0825ccc660c4af8120530669cf2aca
Dead Cells,5.9,https://i.ytimg.com/vi/rUb-6F1TV6M/maxresdefault.jpg,https://upload.wikimedia.org/wikipedia/en/1/1f/Dead_cells_cover_art.png
Hot Wheels Unleashed,6.02,https://assets.nintendo.com/image/upload/c_fill,w_1200/q_auto:best/f_auto/dpr_2.0/ncom/en_US/games/switch/h/hot-wheels-unleashed-switch/hero
McAfee Internet Security 2019,3.76,https://2gosoftware.co.uk/image/cache/catalog/McAfee/Packshot_InternetSecurity-1250x750.jpg,https://www.expertreviews.co.uk/sites/expertreviews/files/styles/er_main_wide/public/2018/12/mcafee_internet_security_2019_review.jpg?itok=bpaGsG1a
Xbox Live Gold,1.05,https://news.xbox.com/en-us/wp-content/uploads/sites/2/2021/01/Social_1920x1080.jpg,https://pisces.bbystatic.com/image2/BestBuy_US/images/products/5425/5425000_sd.jpg;maxHeight=640;maxWidth=550
Orcs Must Die 3,5.21,https://cdn.akamai.steamstatic.com/steam/apps/1522820/header.jpg?t=1671818592,https://cdn.mos.cms.futurecdn.net/nQJFA7gvdmjFR3GVD778YQ.jpg
Rust Xbox One,5.01,https://media.gamestop.com/i/gamestop/11134990/Rust---Xbox-One?$pdp$,https://pisces.bbystatic.com/image2/BestBuy_US/images/products/6460/6460747_sd.jpg
F1 Manager 2022,4.83,https://cdn.mos.cms.futurecdn.net/LS53ajwxjEzw8EMqgyVVST.jpg,https://i.ytimg.com/vi/osyk9tGYZEw/maxresdefault.jpg
Among Us,3.75,https://play-lh.googleusercontent.com/8ddL1kuoNUB5vUvgDVjYY3_6HwQcrg1K2fd_R8soD-e2QYj8fT9cfhfh3G0hnSruLKec,https://assets.nintendo.com/image/upload/c_fill
Planet Zoo,5.35,https://www-origin.planetzoogame.com/images/og_image.jpg,https://assetsio.reedpopcdn.com/planet-zoo-tropical-pack-screen2-cropped.jpg?width=1200&height=1200&fit=bounds&quality=70&format=jpg&auto=webp
Windows 11 Pro,1.11,https://m.media-amazon.com/images/I/71AAbjGnJBL._AC_UF1000,1000_QL80_.jpg
Microsoft Office 2021 Pro Plus,1.04,https://img-prod-cms-rt-microsoft-com.akamaized.net/cms/api/am/imageFileData/RWLks3?ver=dc77,https://brytesoft.com/media/catalog/product/o/f/office-2021-professional-plus_1.jpg
Wallpaper Engine,3.02,https://upload.wikimedia.org/wikipedia/commons/thumb/5/5a/Animated_Wallpaper_Windows_10_-_Wallpaper_Engine.gif/1200px-Animated_Wallpaper_Windows_10_-_Wallpaper_Engine.gif,https://docs.wallpaperengine.io/img/Wallpaper_Engine_Logo_Animated.gif
Microsoft Office 2019 Professional Plus,0.59,https://winandofficews.com/usa/wp-content/uploads/sites/2/2022/07/o2019pro.jpg,https://learn-attachment.microsoft.com/api/attachments/41612-image.png?platform=QnA
GTA 5,5.38,https://upload.wikimedia.org/wikipedia/en/a/a5/Grand_Theft_Auto_V.png,https://cdn1.epicgames.com/0584d2013f0149a791e7b9bad0eec102/offer/GTAV_EGS_Artwork_2560x1440_Landscaped%20Store-2560x1440-79155f950f32c9790073feaccae570fb.jpg?h=270&quality=medium&resize=1&w=480
Twelve Minutes,6.76,https://www.thepinknews.com/wp-content/uploads/2021/08/TwelveMinutes_Screenshot_05.jpeg,https://oyster.ignimgs.com/mediawiki/apis.ign.com/12-minutes/1/10/12m-interrogatealone-screenshot-1560114395832.jpg
Conan Exiles,6.67,https://cdn1.epicgames.com/offer/conanexiles/EGS_ConanExilesStandardEdition_Funcom_S1_2560x1440-5664d4d48160d882c4f1b25d96dd9b68,https://www.conanexiles.com/wp-content/uploads/sites/5/2022/08/People_of_the_Dragon.png
Hard West 2,8.2,https://images.gog-statics.com/0e034d11b572681366fc7484e902cace64ca1cf2d6b3621dc64c2eb0f1002852_product_card_v2_mobile_slider_639.jpg,https://www.rpgfan.com/wp-content/uploads/2022/08/Hard-West-2-Screenshot-013-1280x720.jpg
Borderlands 3,6.42,https://cdn.2kgames.com/borderlands/news/Article+Embeds/Second+Anniversary/popsychle-full.jpg,https://image.api.playstation.com/vulcan/ap/rnd/202010/2323/p50N4PBK9rNanGYKFecTvac5.png
WRC Generations,10.19,https://www.gamereactor.eu/media/41/wrcgenerations_3894163b.jpg,https://i.ytimg.com/vi/HQopiNdt2gY/maxresdefault.jpg
Nintendo Switch Online,7.74,https://assets.nintendo.com/image/upload/c_fill,w_1200/q_auto:best/f_auto/dpr_2.0/ncom/software/switch/70010000012879/5acea7cb483f6e32c4c52c394d11bb55d81973dd94461a91927e71e89e0462b1
Little Nightmares 2,7.13,https://static.bandainamcoent.eu/high/little-nightmares/little-nightmares-2/00-page-setup/ln2_game-thumbnail.jpg,https://cdn.akamai.steamstatic.com/steam/apps/860510/header.jpg?t=1676858317
Green Hell,9.36,https://assets.nintendo.com/image/upload/c_fill,w_1200/q_auto:best/f_auto/dpr_2.0/ncom/en_US/games/switch/g/green-hell-switch/hero
Back 4 Blood,8.43,https://store-images.s-microsoft.com/image/apps.3334.63183727176145146.d84d29ef-df3a-4a5d-96b4-f1a7d9797aec.89ddda28-6451-409c-aa56-3a58a278e8b1,https://cdn.akamai.steamstatic.com/steam/apps/924970/capsule_616x353.jpg?t=1672856194
Stardew Valley,11.4,https://assets.nintendo.com/image/upload/c_fill,w_1200/q_auto:best/f_auto/dpr_2.0/ncom/en_US/games/switch/s/stardew-valley-switch/hero
Anno 1800,11.24,https://staticctf.ubisoft.com/J3yJr34U2pZ2Ieem48Dwy9uqj5PNUQTn/15gUQfMVpxkVAQpnN6sgy3/af5c4f83cbdb3dba533437e5b7001dc7/ANNO_header_keyart.jpg,https://cdn1.epicgames.com/offer/oregano/ANNO_Store_Landscape_1920x1080_1920x1080-cea85f12443da424bef2a30a20be060b_1920x1080-cea85f12443da424bef2a30a20be060b
Victoria 3 Voice of the People,11.39,https://i.ytimg.com/vi/jAEsJek9fW4/maxresdefault.jpg,https://cdn.akamai.steamstatic.com/steam/apps/2282100/header.jpg?t=1684931130
Star Wars The Old Republic,12.17,https://upload.wikimedia.org/wikipedia/en/3/3c/Star_Wars-_The_Old_Republic_cover.jpg,https://static.wikia.nocookie.net/starwars/images/f/f2/The_Old_Republic_cover.png/revision/latest?cb=20150811090716
Risk of Rain 2,7.16,https://upload.wikimedia.org/wikipedia/en/thumb/c/c1/Risk_of_Rain_2.jpg/220px-Risk_of_Rain_2.jpg,https://hb.imgix.net/36a382fc1e37a7f28cae5ccd40f175252bd46b38.png?auto=compress
Ragnarock VR,9.11,https://cdn.akamai.steamstatic.com/steam/apps/1345820/capsule_616x353.jpg?t=1682583372,https://i.ytimg.com/vi/WbIaALtzft0/maxresdefault.jpg
Doomblade,8.75,https://static.wikia.nocookie.net/doom/images/0/07/421A734E-EE09-40AA-9B01-B00AA9BCAF56.jpeg/revision/latest?cb=20190219093640,https://gatherer.wizards.com/Handlers/Image.ashx?multiverseid=226560&type=card
SUPERHOT VR,6.3,https://image.api.playstation.com/vulcan/img/rnd/202009/2507/CV8njKTXrE88NlFn1tcsiJ7G.png,https://cdn.akamai.steamstatic.com/steam/apps/617830/capsule_616x353.jpg?t=1683786528
Oxygen Not Included,8.49,https://cdn1.epicgames.com/lotus/offer/EGS_OxygenNotIncluded_KleiEntertainment_S1-2560x1440-9401c73b7b5dd47ea040e7db94615490.jpg,https://i.ytimg.com/vi/wcLayGm_pM4/maxresdefault.jpg
Into the Radius VR,8.08,https://cdn.akamai.steamstatic.com/steam/apps/1012790/header.jpg?t=1683099724,https://hb.imgix.net/a5546b23f46253069674a8941e7eed1f471a9177.jpg?auto=compress
Deathloop,8.4,https://cdn.akamai.steamstatic.com/steam/apps/1252330/capsule_616x353.jpg?t=1685023314,https://image.api.playstation.com/vulcan/ap/rnd/202007/1617/ltvgCLzKCxNztM21sqLdE9i5.jpg
Visage,8.83,https://ksr-ugc.imgix.net/assets/012/260/845/4753413642f261c2ff1fd3f2aff239ff_original.png?ixlib=rb-4.0.2&crop=faces&w=1552&h=873&fit=crop&v=1463747547&auto=format&frame=1&q=92&s=52ec5dd3055978be8d507b5bc4778fa7,https://i0.wp.com/waytoomany.games/wp-content/uploads/2020/12/Header.jpg?fit=1920%2C1080&ssl=1
Farming Simulator 22,11.64,https://cdn1.epicgames.com/salesEvent/salesEvent/725818d8-9768-4a6a-a723-3039aaee1e23_1200x1600-3b6116d3fc1b566b71251d04bce27938,https://image.api.playstation.com/vulcan/img/rnd/202107/0508/wg0gD2XINJXeJox3mrYSRoqA.png
Disco Elysium,9.99,https://media.npr.org/assets/img/2021/04/06/kim-handshake_wide-56bfe404b79c12a190ba2f2a4b493e73ebe0998a.png,https://cdn.akamai.steamstatic.com/steam/apps/632470/capsule_616x353.jpg?t=1681291304
Beat Saber,8.94,https://cdn.akamai.steamstatic.com/steam/apps/620980/capsule_616x353.jpg?t=1685699858,https://upload.wikimedia.org/wikipedia/en/5/58/Beat_Saber_logo.jpg
NBA 2K23,8.49,https://m.media-amazon.com/images/I/81adYfJHzkL._AC_UF1000,1000_QL80_.jpg
GRID Legends,11.99,https://media.contentapi.ea.com/content/dam/eacom/grid/grid-legends/images/2021/07/grid-legends-featured-image-2x.jpg.adapt.crop191x100.1200w.jpg,https://cdn.akamai.steamstatic.com/steam/apps/1307710/capsule_616x353.jpg?t=1678377591
Kaspersky Anti Virus 2019,10.78,https://cdn.mos.cms.futurecdn.net/9SvGhxdMYL3JLj3siAVbDJ.jpg,https://www.topreviews.eu/wp-content/uploads/2019/05/Kaspersky-Antivirus.png
Outriders,11.99,https://news.xbox.com/en-us/wp-content/uploads/sites/2/2021/03/Outriders_Launch-Thumbnail-XBOX-wireplaceholder_JPG.jpg,https://static.wikia.nocookie.net/outriders9101/images/3/33/Outriders.jpg/revision/latest?cb=20200213220210
Forest Ranger Simulator,6.7,https://assets-prd.ignimgs.com/2023/01/03/forestrangersim-1672767523916.jpg,https://www.gamespace.com/wp-content/uploads/2023/01/Forest-Ranger-Simulator-Demo-Preview-1280x720.jpg
Jurassic World Evolution 2,7.71,https://cdn.akamai.steamstatic.com/steam/apps/1244460/capsule_616x353.jpg?t=1680174609,https://pbs.twimg.com/profile_images/1403055210692481040/drpQmn0j_400x400.png
Evil Dead The Game,10.25,https://cdn1.epicgames.com/offer/95e09a8c24c44684bca1a6f25aea920c/EGS_EvilDeadTheGame_SaberInteractiveInc_S1_2560x1440-fde136bc32f2b93006b9df0bc421fec0_2560x1440-fde136bc32f2b93006b9df0bc421fec0,https://cdn.akamai.steamstatic.com/steam/apps/1493750/header.jpg?t=1682514257
Assetto Corsa Competizione,8.61,https://upload.wikimedia.org/wikipedia/en/thumb/a/aa/Assetto_Corsa_Competizione_cover_art_full.jpg/220px-Assetto_Corsa_Competizione_cover_art_full.jpg,https://image.api.playstation.com/vulcan/ap/rnd/202006/0821/BslGKgFzwgNgHGD1YiXr5kOf.png
FIFA 23 Points PC,6.03,https://cdn.cdkeys.com/700x700/media/catalog/product/2/5/25652.jpg,https://pisces.bbystatic.com/image2/BestBuy_US/images/products/6522/6522297_sd.jpg
Two Point Hospital,6.91,https://cdn.akamai.steamstatic.com/steam/apps/535930/capsule_616x353.jpg?t=1677839073,https://upload.wikimedia.org/wikipedia/en/d/d1/Two_Point_Hospital_-_Cover_Art.jpg
Riders Republic,11.24,https://cdn1.epicgames.com/salesEvent/salesEvent/EN_MAD_STD_GAME_EPIC_Store_Portrait_1200x1600_EN_1200x1600-ddd4f456e3035ce50ddfa0d358efa208,https://image.api.playstation.com/vulcan/img/rnd/202112/2100/7eEv1gTTKw9GA5OWi00yyT3s.png
FAR CRY 6,11.24,https://image.api.playstation.com/vulcan/img/rnd/202106/0722/4MxzDZKZwtEWyMWZghvwd7bQ.jpg,https://i0.wp.com/news.xbox.com/en-us/wp-content/uploads/sites/2/2021/09/FarCry6_RT_Logos_1920x1080.jpg?fit=1920%2C1080&ssl=1
Playstation Gift Cards,8.34,https://m.media-amazon.com/images/I/61+ggd56S4L.jpg,https://media.gamestop.com/i/gamestop/10084722-10110529
Doom Eternal,7.94,https://cdn.akamai.steamstatic.com/steam/apps/782330/capsule_616x353.jpg?t=1661971606,https://image.api.playstation.com/vulcan/ap/rnd/202010/0114/b4Q1XWYaTdJLUvRuALuqr0wP.png
Battlefield 2042,11.24,https://upload.wikimedia.org/wikipedia/en/thumb/e/ec/Battlefield_2042_cover_art.jpg/220px-Battlefield_2042_cover_art.jpg,https://i0.wp.com/news.xbox.com/en-us/wp-content/uploads/sites/2/2022/11/KIN_S3_Screenshot_16_EpicScale_3840x2160_NoLogo-f412e6029d998e07f12c.jpg?resize=1200%2C675&ssl=1
The Witcher 3 Wild Hunt,10.04,https://cdn1.epicgames.com/offer/14ee004dadc142faaaece5a6270fb628/EGS_TheWitcher3WildHuntCompleteEdition_CDPROJEKTRED_S1_2560x1440-82eb5cf8f725e329d3194920c0c0b64f,https://upload.wikimedia.org/wikipedia/en/thumb/0/0c/Witcher_3_cover_art.jpg/220px-Witcher_3_cover_art.jpg
Spyro Reignited Trilogy,9.99,https://assets.nintendo.com/image/upload/c_fill,w_1200/q_auto:best/f_auto/dpr_2.0/ncom/en_US/games/switch/s/spyro-reignited-trilogy-switch/hero
GTA 5 Xbox Series,10.19,https://m.media-amazon.com/images/I/71+B4obYxML.jpg,https://pisces.bbystatic.com/image2/BestBuy_US/images/products/6503/6503673_sd.jpg
Dragon Ball Z Kakarot,10.68,https://media.gamestop.com/i/gamestop/11148585/Dragon-Ball-Z-Kakarot-Plus-A-New-Power-Awakens-Set---Nintendo-Switch?$pdp$,https://m.media-amazon.com/images/I/71t00Fev9JL.jpg
Assassin’s Creed Valhalla Xbox One,10.68,https://m.media-amazon.com/images/I/81XDBmZCsdL._AC_UF1000,1000_QL80_.jpg
Resident Evil Village,12.04,https://image.api.playstation.com/vulcan/ap/rnd/202101/0812/FkzwjnJknkrFlozkTdeQBMub.png,https://img.youtube.com/vi/rWRKBhQFeHM/maxresdefault.jpg
The Walking Dead Saints & Sinners,9.06,https://assets.skybound.com/wp-content/uploads/2019/10/12163815/saints-and-sinners-feat.jpg,https://i.ytimg.com/vi/vOkkmHuRqm0/maxresdefault.jpg
Monster Hunter Rise,11.86,https://assets.nintendo.com/image/upload/c_fill,w_1200/q_auto:best/f_auto/dpr_2.0/ncom/software/switch/70010000029016/b6ca09e9a7f6faf27641f62dabe64c6ff97b4f326aa478379e3c112aa28eb9ab
Monster Hunter World,10.08,https://cdn.akamai.steamstatic.com/steam/apps/582010/capsule_616x353.jpg?t=1661838392,http://www.monsterhunterworld.com/images/top/thumb/img_boost.jpg
The Dark Pictures House of Ashes,10.63,https://cdn.akamai.steamstatic.com/steam/apps/1281590/capsule_616x353.jpg?t=1676857304,https://media.gamestop.com/i/gamestop/11111632/The-Dark-Pictures-House-of-Ashes---PlayStation-4?$pdp$
Sons of the Forest,11.43,https://cdn.vox-cdn.com/thumbor/uYLHaf7Aa4BxOXHkmMdR_V4a0e8=/1400x1050/filters:format(jpeg)/cdn.vox-cdn.com/uploads/chorus_asset/file/24458380/Sons_of_the_Forest_Early_Access_Review_7.jpg,https://i.ytimg.com/vi/LpNDrrly3GI/maxresdefault.jpg
Stardew Valley Nintendo Switch,12.37,https://m.media-amazon.com/images/I/81kk1eGXZ2L._AC_UF1000,1000_QL80_.jpg
Zoria Age of Shattering,13.31,https://ksr-ugc.imgix.net/assets/038/959/007/0e4e320401639a8d38c50f8f82ed81e1_original.jpg?ixlib=rb-4.0.2&crop=faces&w=1552&h=873&fit=crop&v=1666170807&auto=format&frame=1&q=92&s=bd64ec18efa6ed0a5c380aff75ed4398,https://cdn.akamai.steamstatic.com/steam/apps/1159090/header.jpg?t=1680786254
PowerWash Simulator,16.89,https://assets.nintendo.com/image/upload/c_fill,w_1200/q_auto:best/f_auto/dpr_2.0/ncom/software/switch/70010000045037/050db8610fa9593b531cd2b7d563b5115bbe5431ea3db42962da435f70edb39c
Cuphead,13.5,https://assets.nintendo.com/image/upload/c_fill,w_1200/q_auto:best/f_auto/dpr_2.0/ncom/software/switch/70010000016330/d94d2186ef03c930392253c83c84af0c73b7e57cd902a526b09b4155a25930fe
FIFA 23 Xbox Series,17.99,https://m.media-amazon.com/images/I/81uM1VoIgPL.jpg,https://store-images.s-microsoft.com/image/apps.55934.13981706901537608.3ea7acc1-ba93-4769-92d2-de58acf2ff2e.b37e3df4-97eb-4afc-9b28-bf133ba7c59f?q=90&w=177&h=265
Valheim,14.65,https://cdn.akamai.steamstatic.com/steam/apps/892970/header.jpg?t=1676365340,https://img2.storyblok.com/f/157036/1920x1080/3dacf66710/news-2.jpg
Naraka Bladepoint,12.63,https://cdn.akamai.steamstatic.com/steam/apps/1203220/capsule_616x353.jpg?t=1685534259,https://news.xbox.com/en-us/wp-content/uploads/sites/2/2022/06/Naraka_HERO2-d9c607f3b27f839889e2.jpg
F1 22,12.98,https://upload.wikimedia.org/wikipedia/en/thumb/b/be/F1_22_cover_art.jpg/220px-F1_22_cover_art.jpg,https://image.api.playstation.com/vulcan/ap/rnd/202205/1010/7uBgBpmom6f2ZUt8hyWnJWqF.jpg
Phasmophobia,13.99,https://oyster.ignimgs.com/mediawiki/apis.ign.com/phasmophobia/f/f7/GrandmaFar.png?width=1280,https://clan.cloudflare.steamstatic.com/images/37002678/77db84e5fab139bbf3235650c1cd98c94a745da8.png
Gunfire Reborn,17.13,https://cdn.akamai.steamstatic.com/steam/apps/1217060/header.jpg?t=1685616591,https://pbs.twimg.com/media/FWlTe83VEAA3Y14?format=jpg&name=large
PGA Tour 2K23,14.62,https://cdn.akamai.steamstatic.com/steam/apps/1588010/capsule_616x353.jpg?t=1675881282,https://cdn.vox-cdn.com/thumbor/gv6IBAYiN-O6P4O2VqB-N94I4bE=/1400x1400/filters:format(jpeg)/cdn.vox-cdn.com/uploads/chorus_asset/file/24126938/PGA_TOUR_2K23_Tiger_Woods_Screenshot_2.jpg
Ed-0 Zombie Uprising,14.28,https://www.nookgaming.com/wp-content/uploads/2022/04/ED-0-Zombie-Uprising-Featured-Image.jpg,https://i.ytimg.com/vi/-lTQVCKibCc/maxresdefault.jpg
Sea of Thieves,12.59,https://i0.wp.com/news.xbox.com/en-us/wp-content/uploads/sites/2/2023/03/Concept-1-da8f7381257a4cd9649e.jpg?fit=1920%2C1007&ssl=1,https://upload.wikimedia.org/wikipedia/en/7/77/Sea_of_thieves_cover_art.jpg
FIFA 23,15.74,https://image.api.playstation.com/vulcan/ap/rnd/202301/0312/GU1vXFJpbzGYNV6UN3U0Cnnb.png,https://cdn1.epicgames.com/offer/f5deacee017b4b109476933f7dd2edbd/EGS_EASPORTSFIFA23StandardEdition_EACanada_S1_2560x1440-aaf9c5273c27a485f2cce8cb7e804f5c
NBA 2K23 Xbox Series,13.56,https://media.gamestop.com/i/gamestop/11206859-11206851,https://m.media-amazon.com/images/I/81jbcI8eG6L._AC_UF1000
HUMANKIND,12.65,https://cdn1.epicgames.com/offer/02c14a01b7044db98de3f3a10813a42e/HK_Landscape_2560x1440-0233eae757a0e921c879b7be3a697d97,https://i0.wp.com/news.xbox.com/en-us/wp-content/uploads/sites/2/2022/06/HUMANKIND-aa561589c8e983bddfd6.jpg?fit=1920%2C1080&ssl=1
Dune Spice Wars,17.02,https://upload.wikimedia.org/wikipedia/en/b/ba/Dune_Spice_Wars_Cover_Art.jpg,https://i.ytimg.com/vi/B2TJHua1EQk/maxresdefault.jpg
Minecraft Dungeons,16.85,https://assets.nintendo.com/image/upload/c_fill,w_1200/q_auto:best/f_auto/dpr_2.0/ncom/en_US/games/switch/m/minecraft-dungeons-switch/hero
Madden NFL 23,13.49,https://m.media-amazon.com/images/I/71jNjAfLBuL.jpg,https://image.api.playstation.com/vulcan/ap/rnd/202208/1916/JLkOZeWvKQmJqaIJIlwhVnnY.png
Hello Neighbor Search and Rescue,13.94,https://i.ytimg.com/vi/e2W8-RN7W20/maxresdefault.jpg,https://cdn.akamai.steamstatic.com/steam/apps/2206320/ss_b5a8f5562841f3d505c96e1d7188eb3dc0597055.1920x1080.jpg?t=1685034289
DREDGE,17.05,https://upload.wikimedia.org/wikipedia/commons/0/07/Dredge_%28PSF%29.png,https://mintekresources.com/wp-content/uploads/2023/04/hdr-two-excavators-dredging-contaminated-soil.webp
IXION,18.07,https://upload.wikimedia.org/wikipedia/commons/e/e2/Cornelis_Cornelisz._van_Haarlem_-_The_Fall_of_Ixion_-_Google_Art_Project.jpg,https://www.worldhistory.org/img/c/p/1200x627/6205.jpg
Minecraft Legends,16.17,https://i0.wp.com/news.xbox.com/en-us/wp-content/uploads/sites/2/2023/04/Minecraft-Legends-Official-Launch-Trailer-Thumbnail-16_9_logo-9ae89b03991fe9e08a91.jpg?fit=1920%2C1080&ssl=1,https://assets-prd.ignimgs.com/2023/04/13/minecraftlegendsreview-blogroll-1681426129772.jpg
Goat Simulator 3,14.62,https://cdn1.epicgames.com/offer/50bbaf85f4454b1c88786efeede5b302/EGS_GoatSimulator3_CoffeeStainNorthAB_S1_2560x1440-36e3f3b71ecbcfa3e74ca774d43afdfc,https://img2.storyblok.com/fit-in/1920x1080/f/158607/2160x1215/bd844c2cd2/posescreenshot_vista_updated2022_v2.jpg
Warhammer 40K Boltgun,16.68,https://i.ytimg.com/vi/PCDPIrqZ2GU/maxresdefault.jpg,https://cdn.akamai.steamstatic.com/steam/apps/2005010/capsule_616x353.jpg?t=1685639004
Raft,16.18,https://cdn.akamai.steamstatic.com/steam/apps/648800/capsule_616x353.jpg?t=1655744208,https://static.wikia.nocookie.net/raft_gamepedia_en/images/3/36/Raft_Loot_Box.png/revision/latest?cb=20201025163809
Need For Speed Unbound Xbox Series,17.66,https://store-images.s-microsoft.com/image/apps.32406.14329152328871129.0334fb99-36ba-478e-b039-e85471f0b85a.4662f912-e82f-4d7a-a3aa-fa6a90655617?q=90&w=480&h=270,https://m.media-amazon.com/images/I/81mbe04pRzL.jpg
SMALLAND,16.05,https://cdn1.epicgames.com/offer/390584f0f63a4e69978eafa4d4fce9e7/EGS_SmallandSurvivetheWilds_MergeGamesLtd_S1_2560x1440-6b34faee679082a206a5b83146e250ed?h=270&quality=medium&resize=1&w=480,https://cdn.akamai.steamstatic.com/steam/apps/768200/header.jpg?t=1683904494
Red Dead Redemption 2,14.14,https://image.api.playstation.com/cdn/UP1004/CUSA03041_00/Hpl5MtwQgOVF9vJqlfui6SDB5Jl4oBSq.png,https://cdn.cloudflare.steamstatic.com/steam/apps/1174180/header.jpg?t=1671485009
Against the Storm,15.64,https://cdn1.epicgames.com/offer/93eeeab14a3d45b8bf5586a900137733/EGS_AgainsttheStorm_EremiteGames_S1_2560x1440-f0401f4bba79c094784f7b39b0b4dda9,https://cdn.akamai.steamstatic.com/steam/apps/1336490/header.jpg?t=1685707218
Dordogne,12.44,https://dynamic-media-cdn.tripadvisor.com/media/photo-o/0c/25/07/dd/chateau-de-beynac-forteresse.jpg?w=700&h=-1&s=1,https://cdn.akamai.steamstatic.com/steam/apps/1272840/capsule_616x353.jpg?t=1685462756
Blood Bowl 3,14.82,https://i.ytimg.com/vi/8I-CJdkMB8A/maxresdefault.jpg,https://store-images.s-microsoft.com/image/apps.27793.13928529033541362.d88b5957-903f-453e-b9eb-40a46319c000.fe3eae0e-09e1-476c-a08b-67033e9f2fb8?q=90&w=480&h=270
ARK Survival Evolved,14.99,https://image.api.playstation.com/vulcan/img/rnd/202010/0818/HVUPJTyjOslwxbwCC8edPC45.png,https://cdn1.epicgames.com/ark/offer/EGS_ARKSurvivalEvolved_StudioWildcard_S1-2560x1440-c316afb7c33a9dfb892eef6b99169e43.jpg
My Time at Sandrock,16.92,https://ksr-ugc.imgix.net/assets/031/130/376/5ed52c0f2b96af5ebdad6a9cd3dddc99_original.jpg?ixlib=rb-4.0.2&crop=faces&w=1552&h=873&fit=crop&v=1603467102&auto=format&frame=1&q=92&s=101daa2368016f2a90cbcd984cc4ec3a,https://cdn1.epicgames.com/offer/e65d8864e0e84d6eb7fe228b2041c15f/EGS_MyTimeatSandrock_PatheaGames_S1_2560x1440-27096477b7fc2e1363ded902bded3dbd
New World,19.04,https://images.ctfassets.net/j95d1p8hsuun/29peK2k7Ic6FsPAVjHWs8W/06d3add40b23b20bbff215f6979267e8/NW_OPENGRAPH_1200x630.jpg,https://cdn.akamai.steamstatic.com/steam/apps/1063730/capsule_616x353.jpg?t=1683846413
Paw Patrol On A Roll,18.54,https://i.ytimg.com/vi/j1dhm20UZ9o/maxresdefault.jpg,https://cdn.akamai.steamstatic.com/steam/apps/758730/capsule_616x353.jpg?t=1670340886
The Elder Scrolls 5 Skyrim VR,14.33,https://cdn.akamai.steamstatic.com/steam/apps/611670/capsule_616x353.jpg?t=1564002443,https://image.api.playstation.com/vulcan/ap/rnd/202009/2820/UKBGQA7E5vUK9gEzKdfkeaYI.png
Resident Evil Village Xbox Series,14.07,https://m.media-amazon.com/images/I/71hPmCqq8vL.jpg,https://i.ytimg.com/vi/Og1aX8_SLY8/maxresdefault.jpg
My Friend Peppa Pig,15.51,https://i.ytimg.com/vi/z4ykoLMt11I/maxresdefault.jpg,https://cdn.akamai.steamstatic.com/steam/apps/1635590/ss_c3893137ba2fa5a33698acd10cbf2046092d0488.1920x1080.jpg?t=1679043792
We Were Here Forever,13.49,https://cdn.akamai.steamstatic.com/steam/apps/1341290/capsule_616x353.jpg?t=1682429498,https://cdn1.epicgames.com/offer/db16361187bb41c4b96ff020c34bdd0c/EGS_WeWereHereForever_TotalMayhemGames_S2_1200x1600-4667861b4a38f986bb717e3e942ee7c4
Divinity Original Sin 2,17.15,https://p325k7wa.twic.pics/high/divinity/divinity-original-sin-2/02-screenshots/2-arena-mode/dos2_arena-mode%20(1).jpg?twic=v1/cover=800x889/step=10/quality=80,https://cdn.cloudflare.steamstatic.com/steam/apps/435150/capsule_616x353.jpg?t=1668591196
Crusader Kings 3,18.52,https://cdn.akamai.steamstatic.com/steam/apps/1158310/capsule_616x353.jpg?t=1683820745,https://assetsio.reedpopcdn.com/Crusaders-King-3-AGOT-mod.jpg?width=1600&height=900&fit=crop&quality=100&format=png&enable=upscale&auto=webp
It Takes Two,14.3,https://m.media-amazon.com/images/M/MV5BMzdhMGU0MzEtZjg1Ny00YzE5LWE0MGQtMTNiN2UwN2I5ZDBjXkEyXkFqcGdeQXVyNTgzMzU5MDI@._V1_.jpg,https://image.api.playstation.com/vulcan/ap/rnd/202209/0715/i0TXlnI7gMouVHOdoFgVvPyr.jpg
Minecraft,15.52,https://www.minecraft.net/content/dam/games/badger/key-art/MinecraftLegends_KeyArt_786x786.jpg,https://image.api.playstation.com/vulcan/img/cfn/11307uYG0CXzRuA9aryByTHYrQLFz-HVQ3VVl7aAysxK15HMpqjkAIcC_R5vdfZt52hAXQNHoYhSuoSq_46_MT_tDBcLu49I.png
Bus Simulator 21,16.68,https://cdn.akamai.steamstatic.com/steam/apps/976590/capsule_616x353.jpg?t=1684319365,https://www.astragon.com/fileadmin/_processed_/4/e/csm_BS21NS-Announcement-Thumbnail_5e687ebcfa.jpg
Dying Light 2 Stay Human,18.77,https://cdn1.epicgames.com/salesEvent/salesEvent/EGS_DyingLight2StayHuman_Techland_S3_2560x1440-f1dcd15207f091674615ccb4bd9dc3c7,https://i.ytimg.com/vi/SriU07JopNA/maxresdefault.jpg
Red Dead Redemption 2 Xbox One,14.75,https://m.media-amazon.com/images/I/81bbAeAG6vS.jpg,https://media.gamestop.com/i/gamestop/10162941?$pdp$
FINAL FANTASY 14 Online,17.61,https://cdn.akamai.steamstatic.com/steam/apps/39210/capsule_616x353.jpg?t=1684850999,https://image.api.playstation.com/vulcan/img/rnd/202106/2111/iQWooonIcfoudXQk6MpCTbpJ.jpg
Nintendo Switch Online 12 Months Nintendo Switch,17.89,https://m.media-amazon.com/images/I/61ru8L994TL._AC_UF1000,1000_QL80_.jpg
LEGO Star Wars The Skywalker Saga,14.99,https://assets.nintendo.com/image/upload/c_fill,w_1200/q_auto:best/f_auto/dpr_2.0/ncom/software/switch/70010000018041/e52844f237f452c187db5daec14c3300f45d7be100c1dcff88c7188c8b9b48a9
Dead by Daylight The 80s Suitcase,22.49,https://cdn1.epicgames.com/offer/611482b8586142cda48a0786eb8a127c/EGS_DeadbyDaylightThe80sSuitcase_BehaviourInteractive_DLC_S1_2560x1440-03883e29d58fa8f2adbfe159bde73a7c,https://cdn.akamai.steamstatic.com/steam/apps/530710/capsule_616x353.jpg?t=1682023613
Red Matter 2 VR,22.49,https://assets-prd.ignimgs.com/2022/08/18/red-matter-2-blogroll-2-1660842510530.jpg,https://www.roadtovr.com/wp-content/uploads/2022/07/red-matter-2-6-1.jpg
Age of Wonders 4,21.45,https://cdn1.epicgames.com/offer/61375e6a52534a1aa2d8ba6d46f9ee64/EGS_AgeofWonders4_TriumphStudios_S1_2560x1440-1320bec1672fe0554ee8c97ec5947ba3,https://www.gematsu.com/wp-content/uploads/2023/01/Age-of-Wonders-4-Ann_01-19-23.jpg
Dont Starve Together,22.49,https://assets.nintendo.com/image/upload/c_fill,w_1200/q_auto:best/f_auto/dpr_2.0/ncom/software/switch/70010000019795/081425533fd5a75ad96eb4333f260edf690b91110402ac801e07fd332035da8e
SCUM,22.49,https://i.ytimg.com/vi/klUyanYbaqw/maxresdefault.jpg,https://cdn.akamai.steamstatic.com/steam/apps/513710/header.jpg?t=1685012078
Age of Empires 2 Definitive Edition,22.49,https://cdn.akamai.steamstatic.com/steam/apps/813780/ss_c13d14fd11f3deb2fa5f592cceb98db3d48ef10b.1920x1080.jpg?t=1685053361,https://upload.wikimedia.org/wikipedia/en/4/45/Age_of_Empires_II_Definitive_Edition_cover_art.jpeg
The Lord of the Rings Gollum,19.31,https://cdn1.epicgames.com/spt-assets/d20026139e774e57ab451e2a1b94c6e2/the-lord-of-the-rings--gollum-offer-1u5ei.png,https://i.ytimg.com/vi/YYrJdAdi1WI/maxresdefault.jpg
GTA 5,22.49,https://upload.wikimedia.org/wikipedia/en/a/a5/Grand_Theft_Auto_V.png,https://cdn1.epicgames.com/0584d2013f0149a791e7b9bad0eec102/offer/GTAV_EGS_Artwork_2560x1440_Landscaped%20Store-2560x1440-79155f950f32c9790073feaccae570fb.jpg?h=270&quality=medium&resize=1&w=480
Conan Exiles,22.49,https://cdn1.epicgames.com/offer/conanexiles/EGS_ConanExilesStandardEdition_Funcom_S1_2560x1440-5664d4d48160d882c4f1b25d96dd9b68,https://www.conanexiles.com/wp-content/uploads/sites/5/2022/08/People_of_the_Dragon.png
The Elder Scrolls Online,22.49,https://cdn.akamai.steamstatic.com/steam/apps/306130/capsule_616x353.jpg?t=1684958334,https://i0.wp.com/news.xbox.com/en-us/wp-content/uploads/sites/2/2023/03/ESO-ScribesOfFateDLC_VideoThumb_1920x1080-EN-01-5d9acfc57027dfa63293.jpg?fit=1920%2C1080&ssl=1
Terraria,22.49,https://cdn.akamai.steamstatic.com/steam/apps/105600/header.jpg?t=1666290860,https://assets.nintendo.com/image/upload/c_fill
Disney Speedstorm,22.49,https://assets.nintendo.com/image/upload/c_fill,w_1200/q_auto:best/f_auto/dpr_2.0/ncom/software/switch/70010000038418/16c2c8ca13afc6eaf263b4dbd5f86a0ddbe4db6176e5e59890e5aa316f2df21b
Pro Cycling Manager 2023,20.47,https://cdn.akamai.steamstatic.com/steam/apps/2063610/capsule_616x353.jpg?t=1681912077,https://i.ytimg.com/vi/EV_9kz50vqU/maxresdefault.jpg
Hi-Fi RUSH,20.24,https://upload.wikimedia.org/wikipedia/en/thumb/f/fc/Hi-Fi_Rush_cover_art.jpg/220px-Hi-Fi_Rush_cover_art.jpg,https://i0.wp.com/news.xbox.com/en-us/wp-content/uploads/sites/2/2023/01/Hibiki-News-Hero-Image-4916fb477b67e704ab35.jpg?resize=1200%2C675&ssl=1
Disney Dreamlight Valley,22.27,https://cdn.akamai.steamstatic.com/steam/apps/1401590/capsule_616x353.jpg?t=1685721355,https://eletiofe.com/wp-content/uploads/2023/03/357839-i-could-play-disney-dreamlight-valley-until-the-end-of-time.jpg
Payday 2,22.49,https://i.ytimg.com/vi/9_iJ7Cqiqrg/maxresdefault.jpg,https://upload.wikimedia.org/wikipedia/en/7/7b/Payday2cover.jpg
Phantom Brigade,22.49,https://cdn.vox-cdn.com/thumbor/KLn513GzY8xKGCr6wHVPpinlrKo=/0x0:1920x1080/1200x675/filters:focal(749x18:1055x324)/cdn.vox-cdn.com/uploads/chorus_image/image/72025622/mech_lineup.0.jpg,https://cdn.akamai.steamstatic.com/steam/apps/553540/capsule_616x353.jpg?t=1677820449
Monster Hunter World,22.49,https://cdn.akamai.steamstatic.com/steam/apps/582010/capsule_616x353.jpg?t=1661838392,http://www.monsterhunterworld.com/images/top/thumb/img_boost.jpg
Sekiro Shadows Die Twice Xbox One,21.1,https://m.media-amazon.com/images/I/81fMMFpI+sL.jpg,https://pisces.bbystatic.com/image2/BestBuy_US/images/products/6255/6255139_sd.jpg
Age of Empires 4,20.99,https://i.ytimg.com/vi/oYboN1gXRC0/maxresdefault.jpg,https://assetsio.reedpopcdn.com/age-of-empires-4-review-the-classic-rts-rediscovered-and-restored-1639737186902.jpg?width=1200&height=1200&fit=crop&quality=100&format=png&enable=upscale&auto=webp
Warhammer 40k Darktide,21.12,https://upload.wikimedia.org/wikipedia/en/6/6f/Darktide_art.jpg,https://assets.xboxservices.com/assets/b6/b3/b6b31872-b43b-42ca-889e-b22e7fbe995f.jpg?n=Warhammer-40K-Darktide_GLP-Page-Hero-1084_1920x1080.jpg
Civilization 5,22.49,https://assetsio.reedpopcdn.com/how-a-five-year-game-of-civilization-5-traced-personal-history-1549972428733.jpg?width=1200&height=1200&fit=crop&quality=100&format=png&enable=upscale&auto=webp,https://m.media-amazon.com/images/M/MV5BYWIxYWE4ZTUtMzdiZC00YWJmLTkxNWMtYTZlNzA0Yzg0NzY0XkEyXkFqcGdeQXRyYW5zY29kZS13b3JrZmxvdw@@._V1_.jpg
The Quarry,19.46,https://m.media-amazon.com/images/M/MV5BOWExMDZkYWEtZjI0ZS00ZWRiLWE1ZDUtZTM3ZGQyOTRlMmZkXkEyXkFqcGdeQXVyMTA4NjE0NjEy._V1_.jpg,https://i.ytimg.com/vi/PNDn8OhUMuI/maxresdefault.jpg
Undisputed,21.57,https://m.media-amazon.com/images/M/MV5BMmE1NjQ0MDAtMTFhMC00OTgxLTg0ODktMGI2YmE2ZTU4YjhjXkEyXkFqcGdeQXVyMTQxNzMzNDI@._V1_FMjpg_UX1000_.jpg,https://pbs.twimg.com/media/Fn0floyXoAkA5mD?format=jpg&name=4096x4096
Stellaris,22.49,https://cdn.akamai.steamstatic.com/steam/apps/281990/header.jpg?t=1684936288,https://ksr-ugc.imgix.net/assets/032/980/748/19524ebda57c98a506fa3c6389edc370_original.jpg?ixlib=rb-4.0.2&crop=faces&w=1024&h=576&fit=crop&v=1617403036&auto=format&frame=1&q=92&s=312278e7794b17b4c1b2b8c19b20f5d7
Farming Simulator 22,22.49,https://cdn1.epicgames.com/salesEvent/salesEvent/725818d8-9768-4a6a-a723-3039aaee1e23_1200x1600-3b6116d3fc1b566b71251d04bce27938,https://image.api.playstation.com/vulcan/img/rnd/202107/0508/wg0gD2XINJXeJox3mrYSRoqA.png
Fallout 4,22.49,https://image.api.playstation.com/vulcan/ap/rnd/202009/2500/4GZyUQ1bHTjICP6GCRG7f65n.png,https://i.ytimg.com/vi/XW7Of3g2JME/maxresdefault.jpg
FAR CRY 6,22.49,https://image.api.playstation.com/vulcan/img/rnd/202106/0722/4MxzDZKZwtEWyMWZghvwd7bQ.jpg,https://i0.wp.com/news.xbox.com/en-us/wp-content/uploads/sites/2/2021/09/FarCry6_RT_Logos_1920x1080.jpg?fit=1920%2C1080&ssl=1
Ghost of Tsushima PS4,20.4,https://m.media-amazon.com/images/I/81XPzboI34S.jpg,https://media.gamestop.com/i/gamestop/11100913/Ghost-of-Tsushima---PlayStation-4
World of Warcraft 60 days,21.4,https://cdn.cdkeys.com/media/catalog/product/w/o/wowc_1.jpg,https://cdn.startselect.com/production/products/images/33769/54175/859557604.png
Mount and Blade 2 Bannerlord,22.4,https://cdn.mos.cms.futurecdn.net/jHVBipbTeyuJcXpB9Bs5J5.jpg,https://m.media-amazon.com/images/I/81hCZQLw-sL.jpg
Hitman 3,20.51,https://upload.wikimedia.org/wikipedia/en/4/4b/Hitman_3_Packart.jpg,https://cdn.akamai.steamstatic.com/steam/apps/1659040/header.jpg?t=1679476219
Mortal Kombat 11,22.49,https://cdn.cdkeys.com/700x700/media/catalog/product/h/e/header_10_12_.jpg,https://upload.wikimedia.org/wikipedia/en/7/7e/Mortal_Kombat_11_cover_art.png
JoJo’s Bizarre Adventure All-Star Battle R,20.38,https://assets.nintendo.com/image/upload/c_limit,f_auto
Deep Rock Galactic,22.49,https://store-images.s-microsoft.com/image/apps.31367.13626568325427111.10c3cd94-9222-478a-b93e-3ab79133a2ee.a98eb2e3-689c-487e-8161-02d24979ae2c?q=90&w=480&h=270,https://image.api.playstation.com/vulcan/ap/rnd/202010/1407/2JSde8PFCF6B4nO2EECrcR1m.png
Monster Hunter Rise,22.49,https://assets.nintendo.com/image/upload/c_fill,w_1200/q_auto:best/f_auto/dpr_2.0/ncom/software/switch/70010000029016/b6ca09e9a7f6faf27641f62dabe64c6ff97b4f326aa478379e3c112aa28eb9ab
Cyberpunk 2077,22.2,https://upload.wikimedia.org/wikipedia/en/9/9f/Cyberpunk_2077_box_art.jpg,https://www.cyberpunk.net/build/images/media/screenshots/Cyberpunk2077_Love_this_town_RGB-en-bc9e7b03.jpg
Rainbow Six Siege,22.49,https://cdn.akamai.steamstatic.com/steam/apps/359550/capsule_616x353.jpg?t=1685724234,https://cdn1.epicgames.com/offer/carnation/Carousel_BoxArt_1200x1600_1200x1600-6888b9d57181d8fcfb3472a7f70ecc49
PlayStation Plus,20,https://blog.playstation.com/tachyon/2022/05/4cac05bf748db4d5adb2fdb08acc3ff6969f3a12.jpg?resize=1088%2C612&crop_strategy=smart,https://i.ytimg.com/vi/icPZsGdM6qg/maxresdefault.jpg
MotoGP 22,21.34,https://cdn.akamai.steamstatic.com/steam/apps/1710580/capsule_616x353.jpg?t=1683646470,https://cdn.mos.cms.futurecdn.net/6Z9JAaZ9qShjV8eCJ8wVSX.jpg
Age of Empires 2 Definitive Edition,22.49,https://cdn.akamai.steamstatic.com/steam/apps/813780/ss_c13d14fd11f3deb2fa5f592cceb98db3d48ef10b.1920x1080.jpg?t=1685053361,https://upload.wikimedia.org/wikipedia/en/4/45/Age_of_Empires_II_Definitive_Edition_cover_art.jpeg
GTA 5 PS4,19.93,https://m.media-amazon.com/images/I/61+s8HfeFoL._AC_UF1000,1000_QL80_.jpg
Endless Dungeon,22.49,https://s.yimg.com/uu/api/res/1.2/sZrOG29KF20czhmFXilqcQ--~B/Zmk9ZmlsbDtoPTQ5Mjt3PTg3NTthcHBpZD15dGFjaHlvbg--/https://media-mbst-pub-ue1.s3.amazonaws.com/creatr-uploaded-images/2023-04/0ca11960-d9f6-11ed-a6f7-cb020c06e7bc.cf.jpg,https://cdn.akamai.steamstatic.com/steam/apps/1485590/capsule_616x353.jpg?t=1684940991
Halo Infinite Campaign,20.99,https://wpassets.halowaypoint.com/wp-content/2022/06/CoOp-0.jpg,https://i.ytimg.com/vi/jKPKEain85k/maxresdefault.jpg
Cities Skylines,22.49,https://cdn1.epicgames.com/6009be9994c2409099588cde6f3a5ed0/offer/EGS_CitiesSkylines_ColossalOrder_S3-2560x1440-14df106873c918591e49bd9604841e83.jpg,https://assetsio.reedpopcdn.com/acclaimed-city-builder-cities-skylines-is-getting-the-virtual-reality-treatment-in-cities-vr-1638486152491.jpg?width=1200&height=1200&fit=bounds&quality=70&format=jpg&auto=webp
Europa Universalis 4,22.49,https://cdn.mos.cms.futurecdn.net/dbda4b0f88c1f64d88532f130275addb.jpg,https://cdn.akamai.steamstatic.com/steam/apps/2012010/header.jpg?t=1663244547
Black Desert Online,22.49,https://m.media-amazon.com/images/I/A1fnUEYCOeL._SX540_.jpg,https://cdn.akamai.steamstatic.com/steam/apps/582660/ss_89d938ab71ce8ad4e50f3c661ae8c1253ccbe698.1920x1080.jpg?t=1685067790
The Last Of Us Part 2 PS4,19.93,https://m.media-amazon.com/images/I/71p8G+YeA6L._AC_UF1000,1000_QL80_.jpg
Skyrim Special Edition,22.49,https://i.ytimg.com/vi/lTjRZ__-278/maxresdefault.jpg,https://cdn.cloudflare.steamstatic.com/steam/apps/489830/capsule_616x353.jpg?t=1650909796
Guild Wars 2 Path of Fire,20.7,https://d3b4yo2b5lbfy.cloudfront.net/wp-content/uploads/2017/07/7c45aPoF_Misc1.jpg,https://wiki.guildwars2.com/images/thumb/0/0e/GW2-PoF_Texture_Centered_Trans.png/1200px-GW2-PoF_Texture_Centered_Trans.png
Farthest Frontier,26.57,https://www.farthestfrontier.com/wp-content/uploads/sites/2/2022/08/FF_feb2022_A6.jpg,https://cdn.akamai.steamstatic.com/steam/apps/1044720/capsule_616x353.jpg?t=1660235278
Wartales,27.42,https://cdn.mos.cms.futurecdn.net/HSQuWGgUKthcHtsTRrmEtL.jpg,https://i.ytimg.com/vi/XIoSX87aeGI/maxresdefault.jpg
Tunic,22.49,https://cdni.llbean.net/is/image/wim/300325_0_44?hei=1095&wid=950&resMode=sharp2&defaultImage=llbprod/A0211793_2,https://cdn.shopify.com/s/files/1/1565/1123/products/2613_naturalny1_1400x.jpg?v=1608125486
BONELAB VR,31.24,https://cdn.akamai.steamstatic.com/steam/apps/1592190/capsule_616x353.jpg?t=1672959398,https://i.ytimg.com/vi/deuMoH_NBTY/maxresdefault.jpg
RimWorld,25.93,https://rimworldgame.com/images/screens/HealthTab.jpg,https://media.wired.com/photos/5fac6bda4300a8c7fc075165/1:1/w_1080
Dwarf Fortress,29.9,https://d2eehagpk5cl65.cloudfront.net/img/q60/uploads/2022/12/crystalspike3.jpg,https://cdn.akamai.steamstatic.com/steam/apps/975370/ss_3a190a3ae9acdf041473e046c95f36894eb1d207.1920x1080.jpg?t=1680806717
Forspoken PS5,31.41,https://media.gamestop.com/i/gamestop/11179565/Forspoken---PlayStation-5,https://m.media-amazon.com/images/I/81zbGpJH11L.jpg
Miasma Chronicles,31.7,https://live.staticflickr.com/65535/52751738526_3bfd981a1c_h.jpg,https://cdn.akamai.steamstatic.com/steam/apps/1649010/header.jpg?t=1685014988
Aliens Dark Descent,29.99,https://i.ytimg.com/vi/RUvMwrHIxwo/maxresdefault.jpg,https://cdn.akamai.steamstatic.com/steam/apps/1150440/capsule_616x353.jpg?t=1685110304
Escape from Tarkov,31.07,https://pbs.twimg.com/profile_images/1365050429869088781/87pRXjFy_400x400.jpg,https://i.ytimg.com/vi/yRkq046jqDE/maxresdefault.jpg
Tiny Tinaâ€™s Wonderlands,22.49,https://image.api.playstation.com/vulcan/ap/rnd/202105/0718/g0RjmnzZIJ7sdthShvsxZa49.jpg,https://d2lzb5v10mb0lj.cloudfront.net/darkhorse/blog/-2022/tinytina.jpg
The Outlast Trials,22.49,https://cdn.akamai.steamstatic.com/steam/apps/1304930/capsule_616x353.jpg?t=1684452998,https://static.wikia.nocookie.net/outlast/images/d/d4/The_Outlast_Trials_Banner_Logo.png/revision/latest?cb=20200615174710
Park Beyond,32.99,https://static.bandainamcoent.eu/high/park-beyond/01-news/park-beyond-announcement.jpg,https://p325k7wa.twic.pics/high/park-beyond/00-page-setup/parkbeyond_kf01.jpg?twic=v1/resize=700/step=10/quality=80
War Hospital,26.35,https://d1lss44hh2trtw.cloudfront.net/assets/article/2021/03/25/war-hospital-has-players-experience-the-horrors-of-war-as-a-doctor_feature.jpg,https://bento.cdn.pbs.org/hostedbento-prod/gallery/20151220_225844_092880burnsarchive_hospitals_3.jpg.1280x720_q85.jpg
Ghost Trick Phantom Detective,23.28,https://assets.nintendo.com/image/upload/c_fill,w_1200/q_auto:best/f_auto/dpr_2.0/ncom/software/switch/70010000053641/995b2ea418d9d74e602e5614afe5731dff287c7423c49310d57ab2fc54a74998
One Piece Odyssey PS5,31.65,https://m.media-amazon.com/images/I/616JwJBbEBL.jpg,https://cdn11.bigcommerce.com/s-xs1cevxe43/images/stencil/760x760/products/2718/11620/OPO_PS5__00966.1663958906.jpg?c=2
The Callisto Protocol Xbox Series,24.62,https://pisces.bbystatic.com/image2/BestBuy_US/images/products/6509/6509774_sd.jpg;maxHeight=640;maxWidth=550,https://store-images.s-microsoft.com/image/apps.4372.14338210005548875.80180ffb-e1d4-49e5-8c02-bd3a993826ec.79e98b46-d4c0-42ec-a7ae-2743883337a0?w=400&h=600
Sniper Elite 5,22.68,https://assets.rebellion.com/wp-content/uploads/2022/01/28141442/SE5_Render_CoverArt_FINAL_Optimized.jpg,https://cdn.akamai.steamstatic.com/steam/apps/1029690/capsule_616x353.jpg?t=1684843035
Ready Or Not,23.82,https://m.media-amazon.com/images/M/MV5BYzBkMzAyMDUtZTFkZS00OWUyLTgwM2ItNGI3MTQ5NzA3NTVkXkEyXkFqcGdeQXVyMTkxNjUyNQ@@._V1_.jpg,https://cdn.vox-cdn.com/thumbor/5uVepUj8b5wSwq_r_RJOewcOBeM=/0x0:1181x591/fit-in/1200x600/cdn.vox-cdn.com/uploads/chorus_asset/file/19083510/readyornot1.png
Sackboy A Big Adventure,26.5,https://i.ytimg.com/vi/MAaEqyE_Hfg/maxresdefault.jpg,https://image.api.playstation.com/vulcan/img/rnd/202010/1614/TJiBEQMJ9qa93lWBu4sKScY9.png
The Elder Scrolls Online Necrom,31.43,https://i0.wp.com/news.xbox.com/en-us/wp-content/uploads/sites/2/2023/01/U38_Necrom_Announce_keyart_rgb_3840x2160_Final-0ab6969e88362e86cfb6.jpg?resize=1200%2C675&ssl=1,https://i.ytimg.com/vi/5Bxo6SA1GGg/maxresdefault.jpg
Redfall,33.06,https://images.ctfassets.net/rporu91m20dc/177whg5127yA8hF7pM3EFA/60f94af43ea5e6233f15a7c0ea1aeaf1/Redfall_LargeHero_Accessibility.png,https://upload.wikimedia.org/wikipedia/en/thumb/a/ad/Redfall_cover.jpg/220px-Redfall_cover.jpg
The Callisto Protocol PS5,31.65,https://pisces.bbystatic.com/image2/BestBuy_US/images/products/6509/6509773_sd.jpg,https://image.api.playstation.com/vulcan/ap/rnd/202206/0222/a8y4xUnw4oThZxHuEBZvDzpz.jpg
Uncharted Legacy of Thieves Collection,25.49,https://image.api.playstation.com/vulcan/ap/rnd/202111/2000/gTUWTlvPHzxFJ2JAxtDyI2eS.png,https://cdn1.epicgames.com/offer/8b2d6cf2b45b41f1abe91bc5b7c1e8f9/EGS_UNCHARTEDLegacyofThievesCollection_NaughtyDogLLC_S2_1200x1600-6d81cdaf0ca5c5e1cf9f9f32a92f4b14
Horizon Forbidden West PS5,24.62,https://m.media-amazon.com/images/I/81MKgl8cZEL.jpg,https://pisces.bbystatic.com/image2/BestBuy_US/images/products/6479/6479468_sd.jpg;maxHeight=640;maxWidth=550
A Plague Tale Requiem,24.37,https://cdn.akamai.steamstatic.com/steam/apps/1182900/capsule_616x353.jpg?t=1678973757,https://upload.wikimedia.org/wikipedia/en/a/ae/A_Plague_Tale_Requiem_cover_art.jpg
Stray,29.99,https://s.yimg.com/uu/api/res/1.2/rIRK6M7Wp0ms1yW_BZT7mQ--~B/Zmk9ZmlsbDtoPTEzODk7dz0yNDcwO2FwcGlkPXl0YWNoeW9u/https://media-mbst-pub-ue1.s3.amazonaws.com/creatr-uploaded-images/2022-07/451825c0-06ae-11ed-8d2f-c6bee5bbef2a.cf.jpg,https://image.api.playstation.com/vulcan/ap/rnd/202206/0300/E2vZwVaDJbhLZpJo7Q10IyYo.png
Marvel’s Midnight Suns,23.35,https://upload.wikimedia.org/wikipedia/en/4/42/Marvel%27s_Midnight_Suns.jpg,https://i.ytimg.com/vi/_9raj2bcTq4/maxresdefault.jpg
Guilty Gear Strive,31.11,https://upload.wikimedia.org/wikipedia/en/7/7d/Guilty_Gear_Strive.jpg,https://www.guiltygear.com/ggst/en/wordpress/wp-content/themes/ggst/img/top/mode_slide03_thumb.jpg
Dead Island 2,30.93,https://store-images.s-microsoft.com/image/apps.26610.66080721822734920.910bec42-dd7c-4bcf-9acb-d97e1b5501f0.5a916954-24f8-4f6e-95e7-74cff29199d9,https://m.media-amazon.com/images/I/81KvEZRWmWL.jpg
Minecraft Nintendo Switch,27.52,https://m.media-amazon.com/images/I/81gJUSx-TjL.jpg,https://assets.nintendo.com/image/upload/c_fill
Factorio,33.71,https://i.ytimg.com/vi/J8SBp4SyvLc/maxresdefault.jpg,https://cdn.mos.cms.futurecdn.net/cost7dvtbzzCz3Wvwhp9mK.jpg
World of Warcraft Dragonflight,25.26,https://assets-prd.ignimgs.com/2022/04/19/wow-dragonflight-button-1-1650398895381.jpg,https://www.destructoid.com/wp-content/uploads/2022/12/Review-World-of-Warcraft-Dragonflight.jpg
Football Manager 2023,25.76,https://cdn1.epicgames.com/offer/5c7a78e0c4d640898d690c5e38c0392f/EGS_FootballManager2023_SportsInteractive_S1_2560x1440-28187c5e17149ab967b8f3d3dd56a796,https://www.footballmanager.com/themes/custom/fmtwentytwentythree/img/components/lp-packshot-2023/packshot-en.png
Metroid Prime Remastered Nintendo Switch,34.16,https://assets.nintendo.com/image/upload/c_fill,w_1200/q_auto:best/f_auto/dpr_2.0/ncom/My%20Nintendo%20Store/EN-US/Nintendo%20Switch%20Software/metroid-prime-remastered-114551/114551-metroid-prime-remastered-1200x675
Persona 5 Royal Xbox Series,23.57,https://m.media-amazon.com/images/I/81-TKnIr7lL.jpg,https://store-images.s-microsoft.com/image/apps.6136.14482474285447263.0a4055ed-9044-4c0c-abf5-292bb1bcb735.3db4c9c4-de15-4e0f-8b4d-1539f8a2ab08?q=90&w=480&h=270
Dying Light 2 Stay Human Xbox Series,24.62,https://pisces.bbystatic.com/image2/BestBuy_US/images/products/6255/6255150_sd.jpg,https://m.media-amazon.com/images/I/81-a4r+99mL.jpg
The Witcher 3 Wild Hunt,22.49,https://cdn1.epicgames.com/offer/14ee004dadc142faaaece5a6270fb628/EGS_TheWitcher3WildHuntCompleteEdition_CDPROJEKTRED_S1_2560x1440-82eb5cf8f725e329d3194920c0c0b64f,https://upload.wikimedia.org/wikipedia/en/thumb/0/0c/Witcher_3_cover_art.jpg/220px-Witcher_3_cover_art.jpg
TT Isle of Man Ride on the Edge 3,26.26,https://cdn.akamai.steamstatic.com/steam/apps/1924170/capsule_616x353.jpg?t=1683837745,https://i.ytimg.com/vi/f7QMTp16VwA/maxresdefault.jpg
Red Dead Redemption 2 PS5,28.14,https://i.ytimg.com/vi/bSYGrExlbu8/maxresdefault.jpg,https://image.api.playstation.com/cdn/UP1004/CUSA03041_00/Hpl5MtwQgOVF9vJqlfui6SDB5Jl4oBSq.png
Marvels Spider-Man Miles Morales,25.12,https://image.api.playstation.com/vulcan/ap/rnd/202008/1020/T45iRN1bhiWcJUzST6UFGBvO.png,https://cdn1.epicgames.com/offer/f696430be718494fac1d6542cfb22542/EGS_MarvelsSpiderManMilesMorales_InsomniacGamesNixxesSoftware_S1_2560x1440-a0518b9f9f36a05294e37448df8a27a0
The Last of Us Part I,32.89,https://image.api.playstation.com/vulcan/ap/rnd/202206/0720/eEczyEMDd2BLa3dtkGJVE9Id.png,https://gamingtrend.com/wp-content/uploads/2022/08/The-Last-of-Us%E2%84%A2-Part-I_20220827002939.jpg
Forza Horizon 5 Xbox One,27.09,https://pisces.bbystatic.com/image2/BestBuy_US/images/products/6466/6466929_ra.jpg,https://m.media-amazon.com/images/I/71LSwnEXpXL._AC_UF1000
Total War Warhammer 3,28.05,https://content.totalwar.com/total-war/com.totalwar.www2019/uploads/2022/06/09143022/ie_screenshots_kvg_1080p.jpg,https://i.ytimg.com/vi/Qqhc3mK06r0/maxresdefault.jpg
Forza Horizon 5,27.09,https://cdn.akamai.steamstatic.com/steam/apps/1551360/capsule_616x353.jpg?t=1683059745,https://i.ytimg.com/vi/U3mEOHvSUyw/mqdefault.jpg
Kerbal Space Program 2,33.41,https://images.ctfassets.net/wn7ipiv9ue5v/14tYDFOT5NvA5OeJFETqSQ/b9891a51b7afbd017bdf5bbb047ba365/MQQyWuII.jpeg,https://cdn.vox-cdn.com/thumbor/lC9V95XqOP6oMJdS-W7OFPTvrrc=/0x0:3840x2160/1200x675/filters:focal(1627x553:2241x1167)/cdn.vox-cdn.com/uploads/chorus_image/image/72009058/kerbal_space_program_2.0.jpeg
Just Dance 2023 Nintendo Switch,25.86,https://m.media-amazon.com/images/I/81rko2X-wyL._AC_UF1000,1000_QL80_.jpg
Call of Duty Modern Warfare 2 Xbox Series,31.41,https://m.media-amazon.com/images/I/91JT6GbQAJL._AC_UF1000,1000_QL80_.jpg
New Super Mario Bros U Deluxe Nintendo Switch,29.99,https://assets.nintendo.com/image/upload/c_fill,w_1200/q_auto:best/f_auto/dpr_2.0/ncom/software/switch/70010000006411/73d58198e35bf94be752cf3d9ba0b44dea877cab1487e2cc1b7eeb02157f066f
Five Nights at Freddy's VR Help Wanted,29.99,https://cdn.akamai.steamstatic.com/steam/apps/732690/capsule_616x353.jpg?t=1673028167,https://image.api.playstation.com/cdn/UP0638/CUSA15930_00/wMD21HRlZLFIPRQd4pqkIwHGJ2Broq41.png
Dead Space,34.82,https://cdn1.epicgames.com/offer/4ec958d5e4b6429aadbc116cee0b6ea0/EGS_DeadSpace_MotiveStudio_S2_1200x1600-551c16d068cab45b02149e15a43c2413,https://cdn.akamai.steamstatic.com/steam/apps/1693980/capsule_616x353.jpg?t=1684172906
EA Sports PGA Tour,38.24,https://media.contentapi.ea.com/content/dam/ea/pga-tour/news/images/2023/01/pgatour-thumbnail-gameplay3-1.jpg.adapt.crop191x100.628p.jpg,https://i.guim.co.uk/img/media/8b3daf51bd71e05ad0895d2dbf91d9eb6920289c/0_267_4118_2471/master/4118.jpg?width=1200&height=1200&quality=85&auto=format&fit=crop&s=52d74ef98ac6a40b4192fa659fd9d451
Assassin’s Creed Mirage,43.5,https://upload.wikimedia.org/wikipedia/en/thumb/2/23/Assassin%27s_Creed_Mirage_cover.jpeg/220px-Assassin%27s_Creed_Mirage_cover.jpeg,https://cdn1.epicgames.com/offer/9bcf5a4dc1d54cb6ab1a42f3a70c5cf4/Carousel_BoxArt_1200x1600_1200x1600-38bda67bb1290f58e8a18ddc38a3c0ec
Atlas Fallen,39.05,https://cdn.focus-home.com/fhi-fastforward-admin/custom/atlas-fallen/headline.jpg,https://cdn.akamai.steamstatic.com/steam/apps/1230530/capsule_616x353.jpg?t=1684753246
Wo Long Fallen Dynasty,36.56,https://upload.wikimedia.org/wikipedia/en/c/c6/Wo_Long_Fallen_Dynasty_cover.jpeg,https://cdn.akamai.steamstatic.com/steam/apps/1448440/capsule_616x353.jpg?t=1683622225
Street Fighter 6,40.9,https://image.api.playstation.com/vulcan/ap/rnd/202211/1407/XFU0aPBvtm3W2od1ZvhByAOv.png,https://cdn.akamai.steamstatic.com/steam/apps/1364780/capsule_616x353.jpg?t=1685680525
Armored Core 6,40.74,https://p325k7wa.twic.pics/high/armored-core/armored-core-vi-fires-of-rubicon/00-page-setup/acvifor-header-mobile-new.jpg?twic=v1/resize=760/step=10/quality=80,https://static.bandainamcoent.eu/high/armored-core/armored-core-vi-fires-of-rubicon/01-news/acvifor-preorders-announcement-thumbnail.jpg
Luigis Mansion 3 Nintendo Switch,43.51,https://assets.nintendo.com/image/upload/c_fill,w_1200/q_auto:best/f_auto/dpr_2.0/ncom/en_US/products/games/switch/luigi-s-mansion-3/109482-switch-luigis-mansion-3-us-1200x675
Railway Empire 2,35.59,https://cdn.akamai.steamstatic.com/steam/apps/1644320/capsule_616x353.jpg?t=1685605101,https://i.ytimg.com/vi/-LC2N_aMzPo/maxresdefault.jpg
Sekiro Shadows Die Twice PS4,38.69,https://m.media-amazon.com/images/I/81DK-nYLmLL.jpg,https://www.sekirothegame.com/content/dam/atvi/sekiro/buy/box-art/PS4_Standard_ENUS.png
Cyberpunk 2077 PS5,38.69,https://i.ytimg.com/vi/45dsUd8vuvU/maxresdefault.jpg,https://i0.wp.com/waytoomany.games/wp-content/uploads/2022/02/Cyberpunk-2077_20220216224519.jpg?ssl=1
Returnal,35.99,https://image.api.playstation.com/vulcan/ap/rnd/202011/1621/4ItSbqJE88H019Ua3WBQKLF8.png,https://assets-prd.ignimgs.com/2020/09/12/returnal-button-sep2020-1599871548208.jpg
Exoprimal,44.88,https://upload.wikimedia.org/wikipedia/en/3/34/Exoprimal_cover_art.jpg,https://www.exoprimal.com/assets/images/mv.jpg
Forspoken,42.95,https://image.api.playstation.com/vulcan/ap/rnd/202203/0922/AYCfCMQwkY42jPw9hpfjMgvl.jpg,https://cdn1.epicgames.com/offer/a472b0f2f2a5493d960a941f01cf3393/EGS_Forspoken_LuminousProductions_S1_2560x1440-f2f99882e9d396b21fb65735d266385a_2560x1440-f2f99882e9d396b21fb65735d266385a
The Last of Us Part I PS5,46.71,https://m.media-amazon.com/images/I/81l41iKPF3L.jpg,https://s.yimg.com/uu/api/res/1.2/n.oGzeisSMu4mt6vVCzHtQ--~B/Zmk9ZmlsbDtoPTEzODk7dz0yNDcwO2FwcGlkPXl0YWNoeW9u/https://media-mbst-pub-ue1.s3.amazonaws.com/creatr-uploaded-images/2022-08/dcb38c70-28a6-11ed-a77f-d92be29b5fc1.cf.jpg
Hogwarts Legacy,37.55,https://cdn1.epicgames.com/offer/e97659b501af4e3981d5430dad170911/EGS_HogwartsLegacy_AvalancheSoftware_S1_2560x1440-2baf3188eb3c1aa248bcc1af6a927b7e,https://assets-prd.ignimgs.com/2022/05/24/hogwarts-legacy-button-fin-1653421326559.jpg
Elden Ring Xbox Series,42.21,https://m.media-amazon.com/images/I/81AXuMBqy9L.jpg,https://pisces.bbystatic.com/image2/BestBuy_US/images/products/6352/6352382_sd.jpg
Grounded,37.4,https://cdn.akamai.steamstatic.com/steam/apps/962130/capsule_616x353.jpg?t=1684963474,https://news.xbox.com/en-us/wp-content/uploads/sites/2/2022/09/Grounded_XStore_Title-Hero-1920x1080_RGB-1d70147b3bb40ab364e2.jpg
Atomic Heart,43.18,https://upload.wikimedia.org/wikipedia/en/d/d3/Atomic_Heart_cover.jpg,https://i0.wp.com/news.xbox.com/en-us/wp-content/uploads/sites/2/2022/12/ATOMIC-_HEART_Store_Featured_JPG-af8c6994d37e4bfb590d.jpg?fit=1920%2C1080&ssl=1
Need For Speed Unbound PS5,37.05,https://m.media-amazon.com/images/I/71INaCNO-UL._AC_UF1000,1000_QL80_.jpg
Star Wars Jedi Survivor,42.95,https://cdn1.epicgames.com/offer/5a2ea5980ac147c195775039195a3081/EGS_STARWARSJediSurvivorStandardEdition_RespawnEntertainment_S2_1200x1600-fd090aecb23a065b29ea101939798edd,https://media.contentapi.ea.com/content/dam/ea/starwars/star-wars-jedi-survivor/homepage/common/starwars-jedi-journey-sectionbg-xl.png.adapt.320w.png
Mario Kart 8 Deluxe Nintendo Switch,46,https://m.media-amazon.com/images/I/81mqZx5X1XL._AC_UF1000,1000_QL80_.jpg
Octopath Traveler 2,36.13,https://assets.nintendo.com/image/upload/c_fill,w_1200/q_auto:best/f_auto/dpr_2.0/ncom/software/switch/70010000058128/1e6e0b547a00e768e9c67263fedd6c34be54521169b7eb597892767bc72113b4
THE KING OF FIGHTERS 15,44.99,https://cdn.akamai.steamstatic.com/steam/apps/1498570/capsule_616x353.jpg?t=1653013657,https://static.wikia.nocookie.net/snk/images/0/07/KOFXV_Main_Promotional_Illustration.jpg/revision/latest?cb=20210826163620
Horizon Call of the Mountain PS5,42.91,https://image.api.playstation.com/vulcan/ap/rnd/202207/0615/eicVspHDlt11H1xtnsw5dgkz.png,https://gmedia.playstation.com/is/image/SIEPDC/horizon-call-of-the-mountain-screenshot-boatride-en-31may22?$native$
Sonic Frontiers,37.11,https://cdn.akamai.steamstatic.com/steam/apps/1237320/capsule_616x353.jpg?t=1684845884,https://www.stereophile.com/images/sfpower234724.jpg
Star Wars Jedi Survivor Xbox Series,44.3,https://m.media-amazon.com/images/I/61UsW1AtZBL._AC_UF1000,1000_QL80_.jpg
Microsoft Flight Simulator,37.88,https://news.xbox.com/en-us/wp-content/uploads/sites/2/2020/07/MicrosoftFlightSimulator_KeyArt_Hero.jpg,https://cdn.akamai.steamstatic.com/steam/apps/1250410/capsule_616x353.jpg?t=1684358215
Immortals of Aveum,44.99,https://ascendantstudios.com/wp-content/uploads/2023/04/std-keyart-2560x1440-1.jpg,https://i.ytimg.com/vi/mNP3ztvNBFI/maxresdefault.jpg
DNF Duel,38.99,https://www.arcsystemworks.com/wp-content/uploads/2023/01/dd_kv-2.png,https://cdn.akamai.steamstatic.com/steam/apps/1216060/header.jpg?t=1681899598
Super Mario Odyssey Nintendo Switch,44.13,https://m.media-amazon.com/images/I/81Yif+htdSL._AC_UF1000,1000_QL80_.jpg
Dead Space Remake PS5,36.24,https://m.media-amazon.com/images/I/61eRp4xzR1L._AC_UF1000,1000_QL80_.jpg
WWE 2K23,34.48,https://assets.2k.com/1a6ngf98576c/7y1nVVDuxTlk06mZILbwSL/605f874a4e3f20178b7662e7ec6bece3/WWE23-WEBSITE-MODULE3-SKU-STD-WWE23.jpg,https://cdn.akamai.steamstatic.com/steam/apps/1942660/capsule_616x353.jpg?t=1684339929
Assassin’s Creed Ezio Collection Nintendo Switch,39.99,https://media.gamestop.com/i/gamestop/11183826/Assassins-Creed-Ezio-Collection---Nintendo-Switch?$pdp$,https://m.media-amazon.com/images/I/71mczg84G+L._AC_UF1000
Hogwarts Legacy Xbox Series,42.06,https://store-images.s-microsoft.com/image/apps.11179.13668282042107954.874f4821-1931-4173-aee3-0eed5c78ce55.5e9896f6-415e-4233-89da-d05cb61e48a6,https://m.media-amazon.com/images/I/81JLtiPLNcL._AC_UF1000
Resident Evil 4,38.73,https://i.ytimg.com/vi/kV7YaA0MKm0/maxresdefault.jpg,https://image.api.playstation.com/vulcan/ap/rnd/202210/0706/EVWyZD63pahuh95eKloFaJuC.png
Dead Island 2 Xbox Series,45.72,https://m.media-amazon.com/images/I/81hQumhfFeL.jpg,https://media.gamestop.com/i/gamestop/10115526-10115529?$pdp$
FIFA 23 PS5,39.49,https://m.media-amazon.com/images/I/81ef53W7PlL.jpg,https://i.ytimg.com/vi/ZNJ3l8XgecY/maxresdefault.jpg
Rust,37.3,https://cdn.akamai.steamstatic.com/steam/apps/252490/header.jpg?t=1678981332,https://cdn.mos.cms.futurecdn.net/9LYHPZ22BX6ERzjs9pmyYM.jpg
MotoGP 23,35.11,https://motogpvideogame.com/wp-content/themes/motogp23/public/images/motogp23-keyart@2x.5fca83.jpg,https://cdn.akamai.steamstatic.com/steam/apps/2100160/capsule_616x353.jpg?t=1685547459
Elden Ring PS5,42.21,https://m.media-amazon.com/images/I/71ApMdd+7bL.jpg,https://i.ytimg.com/vi/3wm-f8z0cJU/maxresdefault.jpg
God of War Ragnarok PS4,36.24,https://i5.walmartimages.com/asr/6ac73644-9ecc-4ff8-a384-535528abd242.9f60c6fd4c783848cf01433fa6d37ca2.jpeg,https://media.direct.playstation.com/is/image/sierialto/ps4-god-of-war-ragnarok-launch-edition-box-front
LEGO 2K Drive,42.91,https://assets.nintendo.com/image/upload/c_fill,w_1200/q_auto:best/f_auto/dpr_2.0/ncom/software/switch/70010000054406/0fdde411cb9087d3b3f29ffc0e4fed18e60bf1700d2acd10dd753f793ef5135a
Dead Space Remake Xbox Series,36.24,https://m.media-amazon.com/images/I/61+xmchUIhL._AC_UF1000,1000_QL80_.jpg
Ratchet & Clank Rift Apart PS5,40.27,https://m.media-amazon.com/images/I/8163O-hji+S.jpg,https://i.ytimg.com/vi/zafv1b1qG2Y/maxresdefault.jpg
Call of Duty Modern Warfare 2 PS5,44.3,https://m.media-amazon.com/images/I/912YUVcMLjL._AC_UF1000,1000_QL80_.jpg
Resident Evil 4 Xbox Series,38.69,https://pisces.bbystatic.com/image2/BestBuy_US/images/products/6524/6524189_sd.jpg,https://i.ytimg.com/vi/sGLZSbWa8HE/maxresdefault.jpg
PS Plus 12 Months,47.17,https://cdn.cdkeys.com/media/catalog/product/p/l/playstation-plus-12-month-subscription-cover-cdkeys-us.jpg,https://pisces.bbystatic.com/image2/BestBuy_US/images/products/6481/6481593_sd.jpg
It Takes Two Nintendo Switch,39.99,https://media.gamestop.com/i/gamestop/11112939-6c0948f1,https://assets.nintendo.com/image/upload/c_fill
Nintendo Switch Sports Nintendo Switch,35.45,https://m.media-amazon.com/images/I/61WA1YOg4lL.jpg,https://assets.nintendo.com/image/upload/c_fill
Hogwarts Legacy PS5,48.17,https://pisces.bbystatic.com/image2/BestBuy_US/images/products/6502/6502569_sd.jpg;maxHeight=640;maxWidth=550,https://cdn.shopify.com/s/files/1/0472/4601/6670/products/Hogwarts_LegacyPS51_800x.png?v=1675953046
Melty Blood Type Lumina,49.99,https://upload.wikimedia.org/wikipedia/en/f/fd/Melty_Blood_Type_Lumina_package_art.jpg,https://assets.nintendo.com/image/upload/c_fill
Xenoblade Chronicles 3 Nintendo Switch,47.99,https://m.media-amazon.com/images/I/81AS-lQdqfL.jpg,https://assets.nintendo.com/image/upload/c_fill
Elden Ring,50.54,https://static.bandainamcoent.eu/high/elden-ring/elden-ring/00-page-setup/elden-ring-new-header-mobile.jpg,https://i.ytimg.com/vi/E3Huy2cdih0/maxresdefault.jpg
CyberLink PowerDirector 16 Ultimate,47.62,https://cdn.cloudflare.steamstatic.com/steam/apps/679570/header.jpg?t=1574186443,https://cdn-products.eneba.com/resized-products/xuPfkw4ioGf2a4z1ynFTcKu6i7hMnDp3Mpq66kTaIu8_350x200_3x-0.jpeg
Diablo 4 Xbox Series,58.45,https://www.cnet.com/a/img/resize/7aeec686eb9f86a1989d9f61edc8786d82b1c00c/hub/2023/03/30/61e1a058-ce7b-4382-a7b6-27ee1f17d136/screen-shot-2023-03-30-at-2-08-26-pm.png?auto=webp&fit=crop&height=675&width=1200,https://m.media-amazon.com/images/I/71EwNyJLGDL._AC_UF1000
Starfield,64.99,https://cdn.akamai.steamstatic.com/steam/apps/1716740/capsule_616x353.jpg?t=1681234040,https://i.ytimg.com/vi/pYqyVpCV-3c/maxresdefault.jpg
Hogwarts Legacy Nintendo Switch,59.99,https://m.media-amazon.com/images/I/816nYzwbSOL._AC_UF1000,1000_QL80_.jpg
Cyberpunk 2077 Xbox Series,55.04,https://pisces.bbystatic.com/image2/BestBuy_US/images/products/6255/6255136_sd.jpg,https://i.ytimg.com/vi/dj-nlyzrBZk/maxresdefault.jpg
Octopath Traveler 2 Nintendo Switch,59.99,https://m.media-amazon.com/images/I/91AsAlRHb8L._AC_UF1000,1000_QL80_.jpg
Gran Turismo 7 PS5,52.35,https://m.media-amazon.com/images/I/81zKmfAPBmL.jpg,https://pisces.bbystatic.com/image2/BestBuy_US/images/products/6501/6501071_rd.jpg
Mortal Kombat 1,52.49,https://i.ytimg.com/vi/lW7r2w8SsN0/maxresdefault.jpg,https://images.gog-statics.com/afa3762f2882f50d6d9fac5127e7714db86084b9a5b98ed9e57c4ab42c50d907_product_card_v2_mobile_slider_639.jpg
Pokemon Violet Nintendo Switch,47.5,https://m.media-amazon.com/images/I/71ldCNgOCCL.jpg,https://assets.nintendo.com/image/upload/c_fill
Diablo 4,64.97,https://cdn.vox-cdn.com/thumbor/d8t4ZelI3nBJHhzdQ5SjM05AOXk=/0x0:1600x900/1200x800/filters:focal(743x408:999x664)/cdn.vox-cdn.com/uploads/chorus_image/image/72110687/Ashava.0.png,https://www.cnet.com/a/img/resize/5566baa6d996ed668c3c0d63199a53cb1cece425/hub/2022/12/07/9509de80-c045-4bae-804a-de50725bba94/igcshowcase-lilith-elias-01.png?auto=webp&fit=crop&height=675&precrop=1920
Baldur's Gate 3,59.99,https://blog.playstation.com/tachyon/2023/02/f321c065cf3f405b6d0ac06fd5a550d6a95b5a5e-scaled.jpg?resize=1088%2C612&crop_strategy=smart,https://images.gog-statics.com/da2b2d57e2b8654397043377654b1aa3ce6c11a03435c9afa28325e4f0fcc610_product_card_v2_mobile_slider_639.jpg
F1 23,52.49,https://media.contentapi.ea.com/content/dam/ea/f1/f1-23/common/featured-image/f123-featured-image-16x9.jpg.adapt.crop16x9.1023w.jpg,https://corp.formula1.com/wp-content/uploads/2023/05/F1-Cover.png
Splatoon 3 Nintendo Switch,49.95,https://m.media-amazon.com/images/I/81Y3Mz9MeUL.jpg,https://assets.nintendo.com/image/upload/c_fill
Half-Life Alyx,59.99,https://cdn.cloudflare.steamstatic.com/half-life.com/images/alyx/screens/halflife_alyx_11.jpg,https://assets1.ignimgs.com/2020/03/31/halflifealyx-review-blogroll-1-1585692035852.jpg
The Legend of Zelda Breath of the Wild Nintendo Switch,48.99,https://target.scene7.com/is/image/Target/GUEST_e97f4ca6-9e20-4e34-ae64-1ac42d0d394c?wid=488&hei=488&fmt=pjpeg,https://media.gamestop.com/i/gamestop/10141904/The-Legend-of-Zelda-Breath-of-the-Wild---Nintendo-Switch
Animal Crossing New Horizons Nintendo Switch,49.94,https://m.media-amazon.com/images/I/81Sxdp0JBLL.jpg,https://target.scene7.com/is/image/Target/GUEST_83f32699-98bf-49e0-903a-1eede0c034e8?wid=488&hei=488&fmt=pjpeg
Kirby's Return to Dream Land Deluxe Nintendo Switch,49.99,https://m.media-amazon.com/images/I/91NFrOKnOuL._AC_UF1000,1000_QL80_.jpg
Super Smash Bros Ultimate Nintendo Switch,51.57,https://pisces.bbystatic.com/image2/BestBuy_US/images/products/5723/5723319_sd.jpg,https://m.media-amazon.com/images/I/81nrldTkHML._AC_UF1000
The Legend of Zelda Tears of the Kingdom Nintendo Switch,65.99,https://pisces.bbystatic.com/image2/BestBuy_US/images/products/6464/6464080_sd.jpg,https://assets.nintendo.com/image/upload/c_fill
Call of Duty Modern Warfare 2 2022 Edition,69.99,https://www.callofduty.com/content/dam/atvi/callofduty/cod-touchui/blog/hero/mwii/MWII-003-PREORDER-NEW-TOUT.jpg,https://i.ytimg.com/vi/y1XPSvIb9OI/maxresdefault.jpg
